ISO-10303-21;
HEADER;
FILE_DESCRIPTION(('FreeCAD Model'),'2;1');
FILE_NAME('Open CASCADE Shape Model','2026-07-27T15:54:10',('Author'),(
    ''),'Open CASCADE STEP processor 7.8','FreeCAD','Unknown');
FILE_SCHEMA(('AUTOMOTIVE_DESIGN { 1 0 10303 214 1 1 1 1 }'));
ENDSEC;
DATA;
#1 = APPLICATION_PROTOCOL_DEFINITION('international standard',
  'automotive_design',2000,#2);
#2 = APPLICATION_CONTEXT(
  'core data for automotive mechanical design processes');
#3 = SHAPE_DEFINITION_REPRESENTATION(#4,#10);
#4 = PRODUCT_DEFINITION_SHAPE('','',#5);
#5 = PRODUCT_DEFINITION('design','',#6,#9);
#6 = PRODUCT_DEFINITION_FORMATION('','',#7);
#7 = PRODUCT('body_clamp','body_clamp','',(#8));
#8 = PRODUCT_CONTEXT('',#2,'mechanical');
#9 = PRODUCT_DEFINITION_CONTEXT('part definition',#2,'design');
#10 = ADVANCED_BREP_SHAPE_REPRESENTATION('',(#11,#15),#4238);
#11 = AXIS2_PLACEMENT_3D('',#12,#13,#14);
#12 = CARTESIAN_POINT('',(0.,0.,0.));
#13 = DIRECTION('',(0.,0.,1.));
#14 = DIRECTION('',(1.,0.,-0.));
#15 = MANIFOLD_SOLID_BREP('',#16);
#16 = CLOSED_SHELL('',(#17,#113,#144,#223,#247,#264,#289,#320,#568,#816,
    #833,#858,#908,#933,#958,#983,#1076,#1101,#1110,#1157,#1181,#1203,
    #1234,#1256,#1287,#1309,#1340,#1362,#1393,#1415,#1446,#1468,#1499,
    #1521,#1552,#1574,#1605,#1627,#1658,#1680,#1711,#1733,#1764,#1786,
    #1817,#1834,#1881,#1898,#1922,#1953,#1984,#2015,#2046,#2077,#2108,
    #2139,#2170,#2201,#2232,#2263,#2294,#2341,#2374,#2383,#2487,#2591,
    #2600,#2609,#2618,#2650,#2688,#2698,#2715,#2748,#2758,#2767,#2791,
    #2815,#2832,#2846,#2879,#2903,#2929,#2962,#2986,#3012,#3045,#3069,
    #3095,#3128,#3152,#3178,#3211,#3235,#3261,#3294,#3318,#3344,#3377,
    #3401,#3427,#3460,#3484,#3510,#3543,#3567,#3593,#3626,#3650,#3676,
    #3711,#3746,#3781,#3816,#3827,#3845,#3862,#3879,#3896,#3913,#3930,
    #3947,#3964,#3981,#3998,#4015,#4026,#4043,#4060,#4077,#4094,#4106,
    #4118,#4130,#4142,#4154,#4166,#4178,#4190,#4202,#4214,#4226));
#17 = ADVANCED_FACE('',(#18,#52,#63,#97),#108,.F.);
#18 = FACE_BOUND('',#19,.F.);
#19 = EDGE_LOOP('',(#20,#30,#38,#46));
#20 = ORIENTED_EDGE('',*,*,#21,.F.);
#21 = EDGE_CURVE('',#22,#24,#26,.T.);
#22 = VERTEX_POINT('',#23);
#23 = CARTESIAN_POINT('',(0.,-15.,-17.));
#24 = VERTEX_POINT('',#25);
#25 = CARTESIAN_POINT('',(0.,-15.,17.));
#26 = LINE('',#27,#28);
#27 = CARTESIAN_POINT('',(0.,-15.,-17.));
#28 = VECTOR('',#29,1.);
#29 = DIRECTION('',(0.,0.,1.));
#30 = ORIENTED_EDGE('',*,*,#31,.T.);
#31 = EDGE_CURVE('',#22,#32,#34,.T.);
#32 = VERTEX_POINT('',#33);
#33 = CARTESIAN_POINT('',(0.,15.,-17.));
#34 = LINE('',#35,#36);
#35 = CARTESIAN_POINT('',(0.,-15.,-17.));
#36 = VECTOR('',#37,1.);
#37 = DIRECTION('',(-0.,1.,0.));
#38 = ORIENTED_EDGE('',*,*,#39,.T.);
#39 = EDGE_CURVE('',#32,#40,#42,.T.);
#40 = VERTEX_POINT('',#41);
#41 = CARTESIAN_POINT('',(0.,15.,17.));
#42 = LINE('',#43,#44);
#43 = CARTESIAN_POINT('',(0.,15.,-17.));
#44 = VECTOR('',#45,1.);
#45 = DIRECTION('',(0.,0.,1.));
#46 = ORIENTED_EDGE('',*,*,#47,.F.);
#47 = EDGE_CURVE('',#24,#40,#48,.T.);
#48 = LINE('',#49,#50);
#49 = CARTESIAN_POINT('',(0.,-15.,17.));
#50 = VECTOR('',#51,1.);
#51 = DIRECTION('',(-0.,1.,0.));
#52 = FACE_BOUND('',#53,.F.);
#53 = EDGE_LOOP('',(#54));
#54 = ORIENTED_EDGE('',*,*,#55,.F.);
#55 = EDGE_CURVE('',#56,#56,#58,.T.);
#56 = VERTEX_POINT('',#57);
#57 = CARTESIAN_POINT('',(0.,11.,1.7));
#58 = CIRCLE('',#59,1.7);
#59 = AXIS2_PLACEMENT_3D('',#60,#61,#62);
#60 = CARTESIAN_POINT('',(0.,11.,0.));
#61 = DIRECTION('',(1.,0.,0.));
#62 = DIRECTION('',(-0.,0.,1.));
#63 = FACE_BOUND('',#64,.F.);
#64 = EDGE_LOOP('',(#65,#75,#83,#91));
#65 = ORIENTED_EDGE('',*,*,#66,.T.);
#66 = EDGE_CURVE('',#67,#69,#71,.T.);
#67 = VERTEX_POINT('',#68);
#68 = CARTESIAN_POINT('',(0.,2.4,-0.85));
#69 = VERTEX_POINT('',#70);
#70 = CARTESIAN_POINT('',(0.,-2.4,-0.85));
#71 = LINE('',#72,#73);
#72 = CARTESIAN_POINT('',(0.,-8.7,-0.85));
#73 = VECTOR('',#74,1.);
#74 = DIRECTION('',(0.,-1.,0.));
#75 = ORIENTED_EDGE('',*,*,#76,.T.);
#76 = EDGE_CURVE('',#69,#77,#79,.T.);
#77 = VERTEX_POINT('',#78);
#78 = CARTESIAN_POINT('',(0.,-2.4,0.85));
#79 = LINE('',#80,#81);
#80 = CARTESIAN_POINT('',(0.,-2.4,-8.925));
#81 = VECTOR('',#82,1.);
#82 = DIRECTION('',(0.,0.,1.));
#83 = ORIENTED_EDGE('',*,*,#84,.F.);
#84 = EDGE_CURVE('',#85,#77,#87,.T.);
#85 = VERTEX_POINT('',#86);
#86 = CARTESIAN_POINT('',(0.,2.4,0.85));
#87 = LINE('',#88,#89);
#88 = CARTESIAN_POINT('',(0.,-8.7,0.85));
#89 = VECTOR('',#90,1.);
#90 = DIRECTION('',(0.,-1.,0.));
#91 = ORIENTED_EDGE('',*,*,#92,.F.);
#92 = EDGE_CURVE('',#67,#85,#93,.T.);
#93 = LINE('',#94,#95);
#94 = CARTESIAN_POINT('',(0.,2.4,-8.925));
#95 = VECTOR('',#96,1.);
#96 = DIRECTION('',(0.,0.,1.));
#97 = FACE_BOUND('',#98,.F.);
#98 = EDGE_LOOP('',(#99));
#99 = ORIENTED_EDGE('',*,*,#100,.F.);
#100 = EDGE_CURVE('',#101,#101,#103,.T.);
#101 = VERTEX_POINT('',#102);
#102 = CARTESIAN_POINT('',(0.,-11.,1.7));
#103 = CIRCLE('',#104,1.7);
#104 = AXIS2_PLACEMENT_3D('',#105,#106,#107);
#105 = CARTESIAN_POINT('',(0.,-11.,0.));
#106 = DIRECTION('',(1.,0.,0.));
#107 = DIRECTION('',(-0.,0.,1.));
#108 = PLANE('',#109);
#109 = AXIS2_PLACEMENT_3D('',#110,#111,#112);
#110 = CARTESIAN_POINT('',(0.,-15.,-17.));
#111 = DIRECTION('',(1.,0.,-0.));
#112 = DIRECTION('',(0.,0.,1.));
#113 = ADVANCED_FACE('',(#114),#139,.F.);
#114 = FACE_BOUND('',#115,.F.);
#115 = EDGE_LOOP('',(#116,#124,#125,#133));
#116 = ORIENTED_EDGE('',*,*,#117,.F.);
#117 = EDGE_CURVE('',#22,#118,#120,.T.);
#118 = VERTEX_POINT('',#119);
#119 = CARTESIAN_POINT('',(32.,-15.,-17.));
#120 = LINE('',#121,#122);
#121 = CARTESIAN_POINT('',(0.,-15.,-17.));
#122 = VECTOR('',#123,1.);
#123 = DIRECTION('',(1.,0.,-0.));
#124 = ORIENTED_EDGE('',*,*,#21,.T.);
#125 = ORIENTED_EDGE('',*,*,#126,.T.);
#126 = EDGE_CURVE('',#24,#127,#129,.T.);
#127 = VERTEX_POINT('',#128);
#128 = CARTESIAN_POINT('',(32.,-15.,17.));
#129 = LINE('',#130,#131);
#130 = CARTESIAN_POINT('',(0.,-15.,17.));
#131 = VECTOR('',#132,1.);
#132 = DIRECTION('',(1.,0.,-0.));
#133 = ORIENTED_EDGE('',*,*,#134,.F.);
#134 = EDGE_CURVE('',#118,#127,#135,.T.);
#135 = LINE('',#136,#137);
#136 = CARTESIAN_POINT('',(32.,-15.,-17.));
#137 = VECTOR('',#138,1.);
#138 = DIRECTION('',(0.,0.,1.));
#139 = PLANE('',#140);
#140 = AXIS2_PLACEMENT_3D('',#141,#142,#143);
#141 = CARTESIAN_POINT('',(0.,-15.,-17.));
#142 = DIRECTION('',(-0.,1.,0.));
#143 = DIRECTION('',(0.,0.,1.));
#144 = ADVANCED_FACE('',(#145,#163,#174,#185,#196,#207),#218,.T.);
#145 = FACE_BOUND('',#146,.T.);
#146 = EDGE_LOOP('',(#147,#148,#149,#157));
#147 = ORIENTED_EDGE('',*,*,#47,.F.);
#148 = ORIENTED_EDGE('',*,*,#126,.T.);
#149 = ORIENTED_EDGE('',*,*,#150,.T.);
#150 = EDGE_CURVE('',#127,#151,#153,.T.);
#151 = VERTEX_POINT('',#152);
#152 = CARTESIAN_POINT('',(32.,15.,17.));
#153 = LINE('',#154,#155);
#154 = CARTESIAN_POINT('',(32.,-15.,17.));
#155 = VECTOR('',#156,1.);
#156 = DIRECTION('',(-0.,1.,0.));
#157 = ORIENTED_EDGE('',*,*,#158,.F.);
#158 = EDGE_CURVE('',#40,#151,#159,.T.);
#159 = LINE('',#160,#161);
#160 = CARTESIAN_POINT('',(0.,15.,17.));
#161 = VECTOR('',#162,1.);
#162 = DIRECTION('',(1.,0.,-0.));
#163 = FACE_BOUND('',#164,.T.);
#164 = EDGE_LOOP('',(#165));
#165 = ORIENTED_EDGE('',*,*,#166,.F.);
#166 = EDGE_CURVE('',#167,#167,#169,.T.);
#167 = VERTEX_POINT('',#168);
#168 = CARTESIAN_POINT('',(8.2,-10.,17.));
#169 = CIRCLE('',#170,2.2);
#170 = AXIS2_PLACEMENT_3D('',#171,#172,#173);
#171 = CARTESIAN_POINT('',(6.,-10.,17.));
#172 = DIRECTION('',(0.,0.,1.));
#173 = DIRECTION('',(1.,0.,-0.));
#174 = FACE_BOUND('',#175,.T.);
#175 = EDGE_LOOP('',(#176));
#176 = ORIENTED_EDGE('',*,*,#177,.F.);
#177 = EDGE_CURVE('',#178,#178,#180,.T.);
#178 = VERTEX_POINT('',#179);
#179 = CARTESIAN_POINT('',(28.2,-10.,17.));
#180 = CIRCLE('',#181,2.2);
#181 = AXIS2_PLACEMENT_3D('',#182,#183,#184);
#182 = CARTESIAN_POINT('',(26.,-10.,17.));
#183 = DIRECTION('',(0.,0.,1.));
#184 = DIRECTION('',(1.,0.,-0.));
#185 = FACE_BOUND('',#186,.T.);
#186 = EDGE_LOOP('',(#187));
#187 = ORIENTED_EDGE('',*,*,#188,.F.);
#188 = EDGE_CURVE('',#189,#189,#191,.T.);
#189 = VERTEX_POINT('',#190);
#190 = CARTESIAN_POINT('',(8.2,10.,17.));
#191 = CIRCLE('',#192,2.2);
#192 = AXIS2_PLACEMENT_3D('',#193,#194,#195);
#193 = CARTESIAN_POINT('',(6.,10.,17.));
#194 = DIRECTION('',(0.,0.,1.));
#195 = DIRECTION('',(1.,0.,-0.));
#196 = FACE_BOUND('',#197,.T.);
#197 = EDGE_LOOP('',(#198));
#198 = ORIENTED_EDGE('',*,*,#199,.F.);
#199 = EDGE_CURVE('',#200,#200,#202,.T.);
#200 = VERTEX_POINT('',#201);
#201 = CARTESIAN_POINT('',(20.5,-1.102182119233E-15,17.));
#202 = CIRCLE('',#203,4.5);
#203 = AXIS2_PLACEMENT_3D('',#204,#205,#206);
#204 = CARTESIAN_POINT('',(16.,0.,17.));
#205 = DIRECTION('',(0.,0.,1.));
#206 = DIRECTION('',(1.,0.,-0.));
#207 = FACE_BOUND('',#208,.T.);
#208 = EDGE_LOOP('',(#209));
#209 = ORIENTED_EDGE('',*,*,#210,.F.);
#210 = EDGE_CURVE('',#211,#211,#213,.T.);
#211 = VERTEX_POINT('',#212);
#212 = CARTESIAN_POINT('',(28.2,10.,17.));
#213 = CIRCLE('',#214,2.2);
#214 = AXIS2_PLACEMENT_3D('',#215,#216,#217);
#215 = CARTESIAN_POINT('',(26.,10.,17.));
#216 = DIRECTION('',(0.,0.,1.));
#217 = DIRECTION('',(1.,0.,-0.));
#218 = PLANE('',#219);
#219 = AXIS2_PLACEMENT_3D('',#220,#221,#222);
#220 = CARTESIAN_POINT('',(0.,-15.,17.));
#221 = DIRECTION('',(0.,0.,1.));
#222 = DIRECTION('',(1.,0.,-0.));
#223 = ADVANCED_FACE('',(#224),#242,.F.);
#224 = FACE_BOUND('',#225,.F.);
#225 = EDGE_LOOP('',(#226,#227,#228,#236));
#226 = ORIENTED_EDGE('',*,*,#31,.F.);
#227 = ORIENTED_EDGE('',*,*,#117,.T.);
#228 = ORIENTED_EDGE('',*,*,#229,.T.);
#229 = EDGE_CURVE('',#118,#230,#232,.T.);
#230 = VERTEX_POINT('',#231);
#231 = CARTESIAN_POINT('',(32.,15.,-17.));
#232 = LINE('',#233,#234);
#233 = CARTESIAN_POINT('',(32.,-15.,-17.));
#234 = VECTOR('',#235,1.);
#235 = DIRECTION('',(-0.,1.,0.));
#236 = ORIENTED_EDGE('',*,*,#237,.F.);
#237 = EDGE_CURVE('',#32,#230,#238,.T.);
#238 = LINE('',#239,#240);
#239 = CARTESIAN_POINT('',(0.,15.,-17.));
#240 = VECTOR('',#241,1.);
#241 = DIRECTION('',(1.,0.,-0.));
#242 = PLANE('',#243);
#243 = AXIS2_PLACEMENT_3D('',#244,#245,#246);
#244 = CARTESIAN_POINT('',(0.,-15.,-17.));
#245 = DIRECTION('',(0.,0.,1.));
#246 = DIRECTION('',(1.,0.,-0.));
#247 = ADVANCED_FACE('',(#248),#259,.T.);
#248 = FACE_BOUND('',#249,.T.);
#249 = EDGE_LOOP('',(#250,#251,#252,#253));
#250 = ORIENTED_EDGE('',*,*,#237,.F.);
#251 = ORIENTED_EDGE('',*,*,#39,.T.);
#252 = ORIENTED_EDGE('',*,*,#158,.T.);
#253 = ORIENTED_EDGE('',*,*,#254,.F.);
#254 = EDGE_CURVE('',#230,#151,#255,.T.);
#255 = LINE('',#256,#257);
#256 = CARTESIAN_POINT('',(32.,15.,-17.));
#257 = VECTOR('',#258,1.);
#258 = DIRECTION('',(0.,0.,1.));
#259 = PLANE('',#260);
#260 = AXIS2_PLACEMENT_3D('',#261,#262,#263);
#261 = CARTESIAN_POINT('',(0.,15.,-17.));
#262 = DIRECTION('',(-0.,1.,0.));
#263 = DIRECTION('',(0.,0.,1.));
#264 = ADVANCED_FACE('',(#265),#284,.F.);
#265 = FACE_BOUND('',#266,.F.);
#266 = EDGE_LOOP('',(#267,#275,#282,#283));
#267 = ORIENTED_EDGE('',*,*,#268,.T.);
#268 = EDGE_CURVE('',#56,#269,#271,.T.);
#269 = VERTEX_POINT('',#270);
#270 = CARTESIAN_POINT('',(13.,11.,1.7));
#271 = LINE('',#272,#273);
#272 = CARTESIAN_POINT('',(-1.,11.,1.7));
#273 = VECTOR('',#274,1.);
#274 = DIRECTION('',(1.,0.,0.));
#275 = ORIENTED_EDGE('',*,*,#276,.F.);
#276 = EDGE_CURVE('',#269,#269,#277,.T.);
#277 = CIRCLE('',#278,1.7);
#278 = AXIS2_PLACEMENT_3D('',#279,#280,#281);
#279 = CARTESIAN_POINT('',(13.,11.,0.));
#280 = DIRECTION('',(1.,0.,0.));
#281 = DIRECTION('',(-0.,0.,1.));
#282 = ORIENTED_EDGE('',*,*,#268,.F.);
#283 = ORIENTED_EDGE('',*,*,#55,.T.);
#284 = CYLINDRICAL_SURFACE('',#285,1.7);
#285 = AXIS2_PLACEMENT_3D('',#286,#287,#288);
#286 = CARTESIAN_POINT('',(-1.,11.,0.));
#287 = DIRECTION('',(1.,0.,0.));
#288 = DIRECTION('',(-0.,0.,1.));
#289 = ADVANCED_FACE('',(#290),#315,.T.);
#290 = FACE_BOUND('',#291,.T.);
#291 = EDGE_LOOP('',(#292,#300,#301,#309));
#292 = ORIENTED_EDGE('',*,*,#293,.F.);
#293 = EDGE_CURVE('',#67,#294,#296,.T.);
#294 = VERTEX_POINT('',#295);
#295 = CARTESIAN_POINT('',(8.,2.4,-0.85));
#296 = LINE('',#297,#298);
#297 = CARTESIAN_POINT('',(-2.,2.4,-0.85));
#298 = VECTOR('',#299,1.);
#299 = DIRECTION('',(1.,0.,-0.));
#300 = ORIENTED_EDGE('',*,*,#66,.T.);
#301 = ORIENTED_EDGE('',*,*,#302,.T.);
#302 = EDGE_CURVE('',#69,#303,#305,.T.);
#303 = VERTEX_POINT('',#304);
#304 = CARTESIAN_POINT('',(8.,-2.4,-0.85));
#305 = LINE('',#306,#307);
#306 = CARTESIAN_POINT('',(-2.,-2.4,-0.85));
#307 = VECTOR('',#308,1.);
#308 = DIRECTION('',(1.,0.,-0.));
#309 = ORIENTED_EDGE('',*,*,#310,.T.);
#310 = EDGE_CURVE('',#303,#294,#311,.T.);
#311 = LINE('',#312,#313);
#312 = CARTESIAN_POINT('',(8.,-3.1,-0.85));
#313 = VECTOR('',#314,1.);
#314 = DIRECTION('',(-0.,1.,0.));
#315 = PLANE('',#316);
#316 = AXIS2_PLACEMENT_3D('',#317,#318,#319);
#317 = CARTESIAN_POINT('',(-2.,-2.4,-0.85));
#318 = DIRECTION('',(0.,0.,1.));
#319 = DIRECTION('',(1.,0.,-0.));
#320 = ADVANCED_FACE('',(#321),#563,.F.);
#321 = FACE_BOUND('',#322,.F.);
#322 = EDGE_LOOP('',(#323,#324,#325,#333,#341,#349,#357,#365,#373,#381,
    #389,#397,#405,#413,#421,#429,#437,#445,#453,#461,#469,#477,#485,
    #493,#501,#509,#517,#525,#533,#541,#549,#557));
#323 = ORIENTED_EDGE('',*,*,#293,.F.);
#324 = ORIENTED_EDGE('',*,*,#92,.T.);
#325 = ORIENTED_EDGE('',*,*,#326,.T.);
#326 = EDGE_CURVE('',#85,#327,#329,.T.);
#327 = VERTEX_POINT('',#328);
#328 = CARTESIAN_POINT('',(7.5,2.4,0.85));
#329 = LINE('',#330,#331);
#330 = CARTESIAN_POINT('',(-2.,2.4,0.85));
#331 = VECTOR('',#332,1.);
#332 = DIRECTION('',(1.,0.,-0.));
#333 = ORIENTED_EDGE('',*,*,#334,.T.);
#334 = EDGE_CURVE('',#327,#335,#337,.T.);
#335 = VERTEX_POINT('',#336);
#336 = CARTESIAN_POINT('',(24.5,2.4,0.85));
#337 = LINE('',#338,#339);
#338 = CARTESIAN_POINT('',(-2.,2.4,0.85));
#339 = VECTOR('',#340,1.);
#340 = DIRECTION('',(1.,0.,-0.));
#341 = ORIENTED_EDGE('',*,*,#342,.T.);
#342 = EDGE_CURVE('',#335,#343,#345,.T.);
#343 = VERTEX_POINT('',#344);
#344 = CARTESIAN_POINT('',(32.,2.4,0.85));
#345 = LINE('',#346,#347);
#346 = CARTESIAN_POINT('',(-2.,2.4,0.85));
#347 = VECTOR('',#348,1.);
#348 = DIRECTION('',(1.,0.,-0.));
#349 = ORIENTED_EDGE('',*,*,#350,.F.);
#350 = EDGE_CURVE('',#351,#343,#353,.T.);
#351 = VERTEX_POINT('',#352);
#352 = CARTESIAN_POINT('',(32.,2.4,-0.85));
#353 = LINE('',#354,#355);
#354 = CARTESIAN_POINT('',(32.,2.4,-8.925));
#355 = VECTOR('',#356,1.);
#356 = DIRECTION('',(0.,0.,1.));
#357 = ORIENTED_EDGE('',*,*,#358,.F.);
#358 = EDGE_CURVE('',#359,#351,#361,.T.);
#359 = VERTEX_POINT('',#360);
#360 = CARTESIAN_POINT('',(22.94,2.4,-0.85));
#361 = LINE('',#362,#363);
#362 = CARTESIAN_POINT('',(-2.,2.4,-0.85));
#363 = VECTOR('',#364,1.);
#364 = DIRECTION('',(1.,0.,-0.));
#365 = ORIENTED_EDGE('',*,*,#366,.F.);
#366 = EDGE_CURVE('',#367,#359,#369,.T.);
#367 = VERTEX_POINT('',#368);
#368 = CARTESIAN_POINT('',(22.4,2.4,-0.85));
#369 = LINE('',#370,#371);
#370 = CARTESIAN_POINT('',(-2.,2.4,-0.85));
#371 = VECTOR('',#372,1.);
#372 = DIRECTION('',(1.,0.,-0.));
#373 = ORIENTED_EDGE('',*,*,#374,.F.);
#374 = EDGE_CURVE('',#375,#367,#377,.T.);
#375 = VERTEX_POINT('',#376);
#376 = CARTESIAN_POINT('',(21.74,2.4,-0.85));
#377 = LINE('',#378,#379);
#378 = CARTESIAN_POINT('',(-2.,2.4,-0.85));
#379 = VECTOR('',#380,1.);
#380 = DIRECTION('',(1.,0.,-0.));
#381 = ORIENTED_EDGE('',*,*,#382,.F.);
#382 = EDGE_CURVE('',#383,#375,#385,.T.);
#383 = VERTEX_POINT('',#384);
#384 = CARTESIAN_POINT('',(21.2,2.4,-0.85));
#385 = LINE('',#386,#387);
#386 = CARTESIAN_POINT('',(-2.,2.4,-0.85));
#387 = VECTOR('',#388,1.);
#388 = DIRECTION('',(1.,0.,-0.));
#389 = ORIENTED_EDGE('',*,*,#390,.F.);
#390 = EDGE_CURVE('',#391,#383,#393,.T.);
#391 = VERTEX_POINT('',#392);
#392 = CARTESIAN_POINT('',(20.54,2.4,-0.85));
#393 = LINE('',#394,#395);
#394 = CARTESIAN_POINT('',(-2.,2.4,-0.85));
#395 = VECTOR('',#396,1.);
#396 = DIRECTION('',(1.,0.,-0.));
#397 = ORIENTED_EDGE('',*,*,#398,.F.);
#398 = EDGE_CURVE('',#399,#391,#401,.T.);
#399 = VERTEX_POINT('',#400);
#400 = CARTESIAN_POINT('',(20.,2.4,-0.85));
#401 = LINE('',#402,#403);
#402 = CARTESIAN_POINT('',(-2.,2.4,-0.85));
#403 = VECTOR('',#404,1.);
#404 = DIRECTION('',(1.,0.,-0.));
#405 = ORIENTED_EDGE('',*,*,#406,.F.);
#406 = EDGE_CURVE('',#407,#399,#409,.T.);
#407 = VERTEX_POINT('',#408);
#408 = CARTESIAN_POINT('',(19.34,2.4,-0.85));
#409 = LINE('',#410,#411);
#410 = CARTESIAN_POINT('',(-2.,2.4,-0.85));
#411 = VECTOR('',#412,1.);
#412 = DIRECTION('',(1.,0.,-0.));
#413 = ORIENTED_EDGE('',*,*,#414,.F.);
#414 = EDGE_CURVE('',#415,#407,#417,.T.);
#415 = VERTEX_POINT('',#416);
#416 = CARTESIAN_POINT('',(18.8,2.4,-0.85));
#417 = LINE('',#418,#419);
#418 = CARTESIAN_POINT('',(-2.,2.4,-0.85));
#419 = VECTOR('',#420,1.);
#420 = DIRECTION('',(1.,0.,-0.));
#421 = ORIENTED_EDGE('',*,*,#422,.F.);
#422 = EDGE_CURVE('',#423,#415,#425,.T.);
#423 = VERTEX_POINT('',#424);
#424 = CARTESIAN_POINT('',(18.14,2.4,-0.85));
#425 = LINE('',#426,#427);
#426 = CARTESIAN_POINT('',(-2.,2.4,-0.85));
#427 = VECTOR('',#428,1.);
#428 = DIRECTION('',(1.,0.,-0.));
#429 = ORIENTED_EDGE('',*,*,#430,.F.);
#430 = EDGE_CURVE('',#431,#423,#433,.T.);
#431 = VERTEX_POINT('',#432);
#432 = CARTESIAN_POINT('',(17.6,2.4,-0.85));
#433 = LINE('',#434,#435);
#434 = CARTESIAN_POINT('',(-2.,2.4,-0.85));
#435 = VECTOR('',#436,1.);
#436 = DIRECTION('',(1.,0.,-0.));
#437 = ORIENTED_EDGE('',*,*,#438,.F.);
#438 = EDGE_CURVE('',#439,#431,#441,.T.);
#439 = VERTEX_POINT('',#440);
#440 = CARTESIAN_POINT('',(16.94,2.4,-0.85));
#441 = LINE('',#442,#443);
#442 = CARTESIAN_POINT('',(-2.,2.4,-0.85));
#443 = VECTOR('',#444,1.);
#444 = DIRECTION('',(1.,0.,-0.));
#445 = ORIENTED_EDGE('',*,*,#446,.F.);
#446 = EDGE_CURVE('',#447,#439,#449,.T.);
#447 = VERTEX_POINT('',#448);
#448 = CARTESIAN_POINT('',(16.4,2.4,-0.85));
#449 = LINE('',#450,#451);
#450 = CARTESIAN_POINT('',(-2.,2.4,-0.85));
#451 = VECTOR('',#452,1.);
#452 = DIRECTION('',(1.,0.,-0.));
#453 = ORIENTED_EDGE('',*,*,#454,.F.);
#454 = EDGE_CURVE('',#455,#447,#457,.T.);
#455 = VERTEX_POINT('',#456);
#456 = CARTESIAN_POINT('',(15.74,2.4,-0.85));
#457 = LINE('',#458,#459);
#458 = CARTESIAN_POINT('',(-2.,2.4,-0.85));
#459 = VECTOR('',#460,1.);
#460 = DIRECTION('',(1.,0.,-0.));
#461 = ORIENTED_EDGE('',*,*,#462,.F.);
#462 = EDGE_CURVE('',#463,#455,#465,.T.);
#463 = VERTEX_POINT('',#464);
#464 = CARTESIAN_POINT('',(15.2,2.4,-0.85));
#465 = LINE('',#466,#467);
#466 = CARTESIAN_POINT('',(-2.,2.4,-0.85));
#467 = VECTOR('',#468,1.);
#468 = DIRECTION('',(1.,0.,-0.));
#469 = ORIENTED_EDGE('',*,*,#470,.F.);
#470 = EDGE_CURVE('',#471,#463,#473,.T.);
#471 = VERTEX_POINT('',#472);
#472 = CARTESIAN_POINT('',(14.54,2.4,-0.85));
#473 = LINE('',#474,#475);
#474 = CARTESIAN_POINT('',(-2.,2.4,-0.85));
#475 = VECTOR('',#476,1.);
#476 = DIRECTION('',(1.,0.,-0.));
#477 = ORIENTED_EDGE('',*,*,#478,.F.);
#478 = EDGE_CURVE('',#479,#471,#481,.T.);
#479 = VERTEX_POINT('',#480);
#480 = CARTESIAN_POINT('',(14.,2.4,-0.85));
#481 = LINE('',#482,#483);
#482 = CARTESIAN_POINT('',(-2.,2.4,-0.85));
#483 = VECTOR('',#484,1.);
#484 = DIRECTION('',(1.,0.,-0.));
#485 = ORIENTED_EDGE('',*,*,#486,.F.);
#486 = EDGE_CURVE('',#487,#479,#489,.T.);
#487 = VERTEX_POINT('',#488);
#488 = CARTESIAN_POINT('',(13.34,2.4,-0.85));
#489 = LINE('',#490,#491);
#490 = CARTESIAN_POINT('',(-2.,2.4,-0.85));
#491 = VECTOR('',#492,1.);
#492 = DIRECTION('',(1.,0.,-0.));
#493 = ORIENTED_EDGE('',*,*,#494,.F.);
#494 = EDGE_CURVE('',#495,#487,#497,.T.);
#495 = VERTEX_POINT('',#496);
#496 = CARTESIAN_POINT('',(12.8,2.4,-0.85));
#497 = LINE('',#498,#499);
#498 = CARTESIAN_POINT('',(-2.,2.4,-0.85));
#499 = VECTOR('',#500,1.);
#500 = DIRECTION('',(1.,0.,-0.));
#501 = ORIENTED_EDGE('',*,*,#502,.F.);
#502 = EDGE_CURVE('',#503,#495,#505,.T.);
#503 = VERTEX_POINT('',#504);
#504 = CARTESIAN_POINT('',(12.14,2.4,-0.85));
#505 = LINE('',#506,#507);
#506 = CARTESIAN_POINT('',(-2.,2.4,-0.85));
#507 = VECTOR('',#508,1.);
#508 = DIRECTION('',(1.,0.,-0.));
#509 = ORIENTED_EDGE('',*,*,#510,.F.);
#510 = EDGE_CURVE('',#511,#503,#513,.T.);
#511 = VERTEX_POINT('',#512);
#512 = CARTESIAN_POINT('',(11.6,2.4,-0.85));
#513 = LINE('',#514,#515);
#514 = CARTESIAN_POINT('',(-2.,2.4,-0.85));
#515 = VECTOR('',#516,1.);
#516 = DIRECTION('',(1.,0.,-0.));
#517 = ORIENTED_EDGE('',*,*,#518,.F.);
#518 = EDGE_CURVE('',#519,#511,#521,.T.);
#519 = VERTEX_POINT('',#520);
#520 = CARTESIAN_POINT('',(10.94,2.4,-0.85));
#521 = LINE('',#522,#523);
#522 = CARTESIAN_POINT('',(-2.,2.4,-0.85));
#523 = VECTOR('',#524,1.);
#524 = DIRECTION('',(1.,0.,-0.));
#525 = ORIENTED_EDGE('',*,*,#526,.F.);
#526 = EDGE_CURVE('',#527,#519,#529,.T.);
#527 = VERTEX_POINT('',#528);
#528 = CARTESIAN_POINT('',(10.4,2.4,-0.85));
#529 = LINE('',#530,#531);
#530 = CARTESIAN_POINT('',(-2.,2.4,-0.85));
#531 = VECTOR('',#532,1.);
#532 = DIRECTION('',(1.,0.,-0.));
#533 = ORIENTED_EDGE('',*,*,#534,.F.);
#534 = EDGE_CURVE('',#535,#527,#537,.T.);
#535 = VERTEX_POINT('',#536);
#536 = CARTESIAN_POINT('',(9.74,2.4,-0.85));
#537 = LINE('',#538,#539);
#538 = CARTESIAN_POINT('',(-2.,2.4,-0.85));
#539 = VECTOR('',#540,1.);
#540 = DIRECTION('',(1.,0.,-0.));
#541 = ORIENTED_EDGE('',*,*,#542,.F.);
#542 = EDGE_CURVE('',#543,#535,#545,.T.);
#543 = VERTEX_POINT('',#544);
#544 = CARTESIAN_POINT('',(9.2,2.4,-0.85));
#545 = LINE('',#546,#547);
#546 = CARTESIAN_POINT('',(-2.,2.4,-0.85));
#547 = VECTOR('',#548,1.);
#548 = DIRECTION('',(1.,0.,-0.));
#549 = ORIENTED_EDGE('',*,*,#550,.F.);
#550 = EDGE_CURVE('',#551,#543,#553,.T.);
#551 = VERTEX_POINT('',#552);
#552 = CARTESIAN_POINT('',(8.54,2.4,-0.85));
#553 = LINE('',#554,#555);
#554 = CARTESIAN_POINT('',(-2.,2.4,-0.85));
#555 = VECTOR('',#556,1.);
#556 = DIRECTION('',(1.,0.,-0.));
#557 = ORIENTED_EDGE('',*,*,#558,.F.);
#558 = EDGE_CURVE('',#294,#551,#559,.T.);
#559 = LINE('',#560,#561);
#560 = CARTESIAN_POINT('',(-2.,2.4,-0.85));
#561 = VECTOR('',#562,1.);
#562 = DIRECTION('',(1.,0.,-0.));
#563 = PLANE('',#564);
#564 = AXIS2_PLACEMENT_3D('',#565,#566,#567);
#565 = CARTESIAN_POINT('',(-2.,2.4,-0.85));
#566 = DIRECTION('',(-0.,1.,0.));
#567 = DIRECTION('',(0.,0.,1.));
#568 = ADVANCED_FACE('',(#569),#811,.T.);
#569 = FACE_BOUND('',#570,.T.);
#570 = EDGE_LOOP('',(#571,#572,#573,#581,#589,#597,#605,#613,#621,#629,
    #637,#645,#653,#661,#669,#677,#685,#693,#701,#709,#717,#725,#733,
    #741,#749,#757,#765,#773,#781,#789,#797,#805));
#571 = ORIENTED_EDGE('',*,*,#302,.F.);
#572 = ORIENTED_EDGE('',*,*,#76,.T.);
#573 = ORIENTED_EDGE('',*,*,#574,.T.);
#574 = EDGE_CURVE('',#77,#575,#577,.T.);
#575 = VERTEX_POINT('',#576);
#576 = CARTESIAN_POINT('',(7.5,-2.4,0.85));
#577 = LINE('',#578,#579);
#578 = CARTESIAN_POINT('',(-2.,-2.4,0.85));
#579 = VECTOR('',#580,1.);
#580 = DIRECTION('',(1.,0.,-0.));
#581 = ORIENTED_EDGE('',*,*,#582,.T.);
#582 = EDGE_CURVE('',#575,#583,#585,.T.);
#583 = VERTEX_POINT('',#584);
#584 = CARTESIAN_POINT('',(24.5,-2.4,0.85));
#585 = LINE('',#586,#587);
#586 = CARTESIAN_POINT('',(-2.,-2.4,0.85));
#587 = VECTOR('',#588,1.);
#588 = DIRECTION('',(1.,0.,-0.));
#589 = ORIENTED_EDGE('',*,*,#590,.T.);
#590 = EDGE_CURVE('',#583,#591,#593,.T.);
#591 = VERTEX_POINT('',#592);
#592 = CARTESIAN_POINT('',(32.,-2.4,0.85));
#593 = LINE('',#594,#595);
#594 = CARTESIAN_POINT('',(-2.,-2.4,0.85));
#595 = VECTOR('',#596,1.);
#596 = DIRECTION('',(1.,0.,-0.));
#597 = ORIENTED_EDGE('',*,*,#598,.F.);
#598 = EDGE_CURVE('',#599,#591,#601,.T.);
#599 = VERTEX_POINT('',#600);
#600 = CARTESIAN_POINT('',(32.,-2.4,-0.85));
#601 = LINE('',#602,#603);
#602 = CARTESIAN_POINT('',(32.,-2.4,-8.925));
#603 = VECTOR('',#604,1.);
#604 = DIRECTION('',(0.,0.,1.));
#605 = ORIENTED_EDGE('',*,*,#606,.F.);
#606 = EDGE_CURVE('',#607,#599,#609,.T.);
#607 = VERTEX_POINT('',#608);
#608 = CARTESIAN_POINT('',(22.94,-2.4,-0.85));
#609 = LINE('',#610,#611);
#610 = CARTESIAN_POINT('',(-2.,-2.4,-0.85));
#611 = VECTOR('',#612,1.);
#612 = DIRECTION('',(1.,0.,-0.));
#613 = ORIENTED_EDGE('',*,*,#614,.F.);
#614 = EDGE_CURVE('',#615,#607,#617,.T.);
#615 = VERTEX_POINT('',#616);
#616 = CARTESIAN_POINT('',(22.4,-2.4,-0.85));
#617 = LINE('',#618,#619);
#618 = CARTESIAN_POINT('',(-2.,-2.4,-0.85));
#619 = VECTOR('',#620,1.);
#620 = DIRECTION('',(1.,0.,-0.));
#621 = ORIENTED_EDGE('',*,*,#622,.F.);
#622 = EDGE_CURVE('',#623,#615,#625,.T.);
#623 = VERTEX_POINT('',#624);
#624 = CARTESIAN_POINT('',(21.74,-2.4,-0.85));
#625 = LINE('',#626,#627);
#626 = CARTESIAN_POINT('',(-2.,-2.4,-0.85));
#627 = VECTOR('',#628,1.);
#628 = DIRECTION('',(1.,0.,-0.));
#629 = ORIENTED_EDGE('',*,*,#630,.F.);
#630 = EDGE_CURVE('',#631,#623,#633,.T.);
#631 = VERTEX_POINT('',#632);
#632 = CARTESIAN_POINT('',(21.2,-2.4,-0.85));
#633 = LINE('',#634,#635);
#634 = CARTESIAN_POINT('',(-2.,-2.4,-0.85));
#635 = VECTOR('',#636,1.);
#636 = DIRECTION('',(1.,0.,-0.));
#637 = ORIENTED_EDGE('',*,*,#638,.F.);
#638 = EDGE_CURVE('',#639,#631,#641,.T.);
#639 = VERTEX_POINT('',#640);
#640 = CARTESIAN_POINT('',(20.54,-2.4,-0.85));
#641 = LINE('',#642,#643);
#642 = CARTESIAN_POINT('',(-2.,-2.4,-0.85));
#643 = VECTOR('',#644,1.);
#644 = DIRECTION('',(1.,0.,-0.));
#645 = ORIENTED_EDGE('',*,*,#646,.F.);
#646 = EDGE_CURVE('',#647,#639,#649,.T.);
#647 = VERTEX_POINT('',#648);
#648 = CARTESIAN_POINT('',(20.,-2.4,-0.85));
#649 = LINE('',#650,#651);
#650 = CARTESIAN_POINT('',(-2.,-2.4,-0.85));
#651 = VECTOR('',#652,1.);
#652 = DIRECTION('',(1.,0.,-0.));
#653 = ORIENTED_EDGE('',*,*,#654,.F.);
#654 = EDGE_CURVE('',#655,#647,#657,.T.);
#655 = VERTEX_POINT('',#656);
#656 = CARTESIAN_POINT('',(19.34,-2.4,-0.85));
#657 = LINE('',#658,#659);
#658 = CARTESIAN_POINT('',(-2.,-2.4,-0.85));
#659 = VECTOR('',#660,1.);
#660 = DIRECTION('',(1.,0.,-0.));
#661 = ORIENTED_EDGE('',*,*,#662,.F.);
#662 = EDGE_CURVE('',#663,#655,#665,.T.);
#663 = VERTEX_POINT('',#664);
#664 = CARTESIAN_POINT('',(18.8,-2.4,-0.85));
#665 = LINE('',#666,#667);
#666 = CARTESIAN_POINT('',(-2.,-2.4,-0.85));
#667 = VECTOR('',#668,1.);
#668 = DIRECTION('',(1.,0.,-0.));
#669 = ORIENTED_EDGE('',*,*,#670,.F.);
#670 = EDGE_CURVE('',#671,#663,#673,.T.);
#671 = VERTEX_POINT('',#672);
#672 = CARTESIAN_POINT('',(18.14,-2.4,-0.85));
#673 = LINE('',#674,#675);
#674 = CARTESIAN_POINT('',(-2.,-2.4,-0.85));
#675 = VECTOR('',#676,1.);
#676 = DIRECTION('',(1.,0.,-0.));
#677 = ORIENTED_EDGE('',*,*,#678,.F.);
#678 = EDGE_CURVE('',#679,#671,#681,.T.);
#679 = VERTEX_POINT('',#680);
#680 = CARTESIAN_POINT('',(17.6,-2.4,-0.85));
#681 = LINE('',#682,#683);
#682 = CARTESIAN_POINT('',(-2.,-2.4,-0.85));
#683 = VECTOR('',#684,1.);
#684 = DIRECTION('',(1.,0.,-0.));
#685 = ORIENTED_EDGE('',*,*,#686,.F.);
#686 = EDGE_CURVE('',#687,#679,#689,.T.);
#687 = VERTEX_POINT('',#688);
#688 = CARTESIAN_POINT('',(16.94,-2.4,-0.85));
#689 = LINE('',#690,#691);
#690 = CARTESIAN_POINT('',(-2.,-2.4,-0.85));
#691 = VECTOR('',#692,1.);
#692 = DIRECTION('',(1.,0.,-0.));
#693 = ORIENTED_EDGE('',*,*,#694,.F.);
#694 = EDGE_CURVE('',#695,#687,#697,.T.);
#695 = VERTEX_POINT('',#696);
#696 = CARTESIAN_POINT('',(16.4,-2.4,-0.85));
#697 = LINE('',#698,#699);
#698 = CARTESIAN_POINT('',(-2.,-2.4,-0.85));
#699 = VECTOR('',#700,1.);
#700 = DIRECTION('',(1.,0.,-0.));
#701 = ORIENTED_EDGE('',*,*,#702,.F.);
#702 = EDGE_CURVE('',#703,#695,#705,.T.);
#703 = VERTEX_POINT('',#704);
#704 = CARTESIAN_POINT('',(15.74,-2.4,-0.85));
#705 = LINE('',#706,#707);
#706 = CARTESIAN_POINT('',(-2.,-2.4,-0.85));
#707 = VECTOR('',#708,1.);
#708 = DIRECTION('',(1.,0.,-0.));
#709 = ORIENTED_EDGE('',*,*,#710,.F.);
#710 = EDGE_CURVE('',#711,#703,#713,.T.);
#711 = VERTEX_POINT('',#712);
#712 = CARTESIAN_POINT('',(15.2,-2.4,-0.85));
#713 = LINE('',#714,#715);
#714 = CARTESIAN_POINT('',(-2.,-2.4,-0.85));
#715 = VECTOR('',#716,1.);
#716 = DIRECTION('',(1.,0.,-0.));
#717 = ORIENTED_EDGE('',*,*,#718,.F.);
#718 = EDGE_CURVE('',#719,#711,#721,.T.);
#719 = VERTEX_POINT('',#720);
#720 = CARTESIAN_POINT('',(14.54,-2.4,-0.85));
#721 = LINE('',#722,#723);
#722 = CARTESIAN_POINT('',(-2.,-2.4,-0.85));
#723 = VECTOR('',#724,1.);
#724 = DIRECTION('',(1.,0.,-0.));
#725 = ORIENTED_EDGE('',*,*,#726,.F.);
#726 = EDGE_CURVE('',#727,#719,#729,.T.);
#727 = VERTEX_POINT('',#728);
#728 = CARTESIAN_POINT('',(14.,-2.4,-0.85));
#729 = LINE('',#730,#731);
#730 = CARTESIAN_POINT('',(-2.,-2.4,-0.85));
#731 = VECTOR('',#732,1.);
#732 = DIRECTION('',(1.,0.,-0.));
#733 = ORIENTED_EDGE('',*,*,#734,.F.);
#734 = EDGE_CURVE('',#735,#727,#737,.T.);
#735 = VERTEX_POINT('',#736);
#736 = CARTESIAN_POINT('',(13.34,-2.4,-0.85));
#737 = LINE('',#738,#739);
#738 = CARTESIAN_POINT('',(-2.,-2.4,-0.85));
#739 = VECTOR('',#740,1.);
#740 = DIRECTION('',(1.,0.,-0.));
#741 = ORIENTED_EDGE('',*,*,#742,.F.);
#742 = EDGE_CURVE('',#743,#735,#745,.T.);
#743 = VERTEX_POINT('',#744);
#744 = CARTESIAN_POINT('',(12.8,-2.4,-0.85));
#745 = LINE('',#746,#747);
#746 = CARTESIAN_POINT('',(-2.,-2.4,-0.85));
#747 = VECTOR('',#748,1.);
#748 = DIRECTION('',(1.,0.,-0.));
#749 = ORIENTED_EDGE('',*,*,#750,.F.);
#750 = EDGE_CURVE('',#751,#743,#753,.T.);
#751 = VERTEX_POINT('',#752);
#752 = CARTESIAN_POINT('',(12.14,-2.4,-0.85));
#753 = LINE('',#754,#755);
#754 = CARTESIAN_POINT('',(-2.,-2.4,-0.85));
#755 = VECTOR('',#756,1.);
#756 = DIRECTION('',(1.,0.,-0.));
#757 = ORIENTED_EDGE('',*,*,#758,.F.);
#758 = EDGE_CURVE('',#759,#751,#761,.T.);
#759 = VERTEX_POINT('',#760);
#760 = CARTESIAN_POINT('',(11.6,-2.4,-0.85));
#761 = LINE('',#762,#763);
#762 = CARTESIAN_POINT('',(-2.,-2.4,-0.85));
#763 = VECTOR('',#764,1.);
#764 = DIRECTION('',(1.,0.,-0.));
#765 = ORIENTED_EDGE('',*,*,#766,.F.);
#766 = EDGE_CURVE('',#767,#759,#769,.T.);
#767 = VERTEX_POINT('',#768);
#768 = CARTESIAN_POINT('',(10.94,-2.4,-0.85));
#769 = LINE('',#770,#771);
#770 = CARTESIAN_POINT('',(-2.,-2.4,-0.85));
#771 = VECTOR('',#772,1.);
#772 = DIRECTION('',(1.,0.,-0.));
#773 = ORIENTED_EDGE('',*,*,#774,.F.);
#774 = EDGE_CURVE('',#775,#767,#777,.T.);
#775 = VERTEX_POINT('',#776);
#776 = CARTESIAN_POINT('',(10.4,-2.4,-0.85));
#777 = LINE('',#778,#779);
#778 = CARTESIAN_POINT('',(-2.,-2.4,-0.85));
#779 = VECTOR('',#780,1.);
#780 = DIRECTION('',(1.,0.,-0.));
#781 = ORIENTED_EDGE('',*,*,#782,.F.);
#782 = EDGE_CURVE('',#783,#775,#785,.T.);
#783 = VERTEX_POINT('',#784);
#784 = CARTESIAN_POINT('',(9.74,-2.4,-0.85));
#785 = LINE('',#786,#787);
#786 = CARTESIAN_POINT('',(-2.,-2.4,-0.85));
#787 = VECTOR('',#788,1.);
#788 = DIRECTION('',(1.,0.,-0.));
#789 = ORIENTED_EDGE('',*,*,#790,.F.);
#790 = EDGE_CURVE('',#791,#783,#793,.T.);
#791 = VERTEX_POINT('',#792);
#792 = CARTESIAN_POINT('',(9.2,-2.4,-0.85));
#793 = LINE('',#794,#795);
#794 = CARTESIAN_POINT('',(-2.,-2.4,-0.85));
#795 = VECTOR('',#796,1.);
#796 = DIRECTION('',(1.,0.,-0.));
#797 = ORIENTED_EDGE('',*,*,#798,.F.);
#798 = EDGE_CURVE('',#799,#791,#801,.T.);
#799 = VERTEX_POINT('',#800);
#800 = CARTESIAN_POINT('',(8.54,-2.4,-0.85));
#801 = LINE('',#802,#803);
#802 = CARTESIAN_POINT('',(-2.,-2.4,-0.85));
#803 = VECTOR('',#804,1.);
#804 = DIRECTION('',(1.,0.,-0.));
#805 = ORIENTED_EDGE('',*,*,#806,.F.);
#806 = EDGE_CURVE('',#303,#799,#807,.T.);
#807 = LINE('',#808,#809);
#808 = CARTESIAN_POINT('',(-2.,-2.4,-0.85));
#809 = VECTOR('',#810,1.);
#810 = DIRECTION('',(1.,0.,-0.));
#811 = PLANE('',#812);
#812 = AXIS2_PLACEMENT_3D('',#813,#814,#815);
#813 = CARTESIAN_POINT('',(-2.,-2.4,-0.85));
#814 = DIRECTION('',(-0.,1.,0.));
#815 = DIRECTION('',(0.,0.,1.));
#816 = ADVANCED_FACE('',(#817),#828,.F.);
#817 = FACE_BOUND('',#818,.F.);
#818 = EDGE_LOOP('',(#819,#820,#821,#822));
#819 = ORIENTED_EDGE('',*,*,#326,.F.);
#820 = ORIENTED_EDGE('',*,*,#84,.T.);
#821 = ORIENTED_EDGE('',*,*,#574,.T.);
#822 = ORIENTED_EDGE('',*,*,#823,.T.);
#823 = EDGE_CURVE('',#575,#327,#824,.T.);
#824 = LINE('',#825,#826);
#825 = CARTESIAN_POINT('',(7.5,-4.1,0.85));
#826 = VECTOR('',#827,1.);
#827 = DIRECTION('',(-0.,1.,0.));
#828 = PLANE('',#829);
#829 = AXIS2_PLACEMENT_3D('',#830,#831,#832);
#830 = CARTESIAN_POINT('',(-2.,-2.4,0.85));
#831 = DIRECTION('',(0.,0.,1.));
#832 = DIRECTION('',(1.,0.,-0.));
#833 = ADVANCED_FACE('',(#834),#853,.F.);
#834 = FACE_BOUND('',#835,.F.);
#835 = EDGE_LOOP('',(#836,#844,#851,#852));
#836 = ORIENTED_EDGE('',*,*,#837,.T.);
#837 = EDGE_CURVE('',#101,#838,#840,.T.);
#838 = VERTEX_POINT('',#839);
#839 = CARTESIAN_POINT('',(13.,-11.,1.7));
#840 = LINE('',#841,#842);
#841 = CARTESIAN_POINT('',(-1.,-11.,1.7));
#842 = VECTOR('',#843,1.);
#843 = DIRECTION('',(1.,0.,0.));
#844 = ORIENTED_EDGE('',*,*,#845,.F.);
#845 = EDGE_CURVE('',#838,#838,#846,.T.);
#846 = CIRCLE('',#847,1.7);
#847 = AXIS2_PLACEMENT_3D('',#848,#849,#850);
#848 = CARTESIAN_POINT('',(13.,-11.,0.));
#849 = DIRECTION('',(1.,0.,0.));
#850 = DIRECTION('',(-0.,0.,1.));
#851 = ORIENTED_EDGE('',*,*,#837,.F.);
#852 = ORIENTED_EDGE('',*,*,#100,.T.);
#853 = CYLINDRICAL_SURFACE('',#854,1.7);
#854 = AXIS2_PLACEMENT_3D('',#855,#856,#857);
#855 = CARTESIAN_POINT('',(-1.,-11.,0.));
#856 = DIRECTION('',(1.,0.,0.));
#857 = DIRECTION('',(-0.,0.,1.));
#858 = ADVANCED_FACE('',(#859,#865,#876,#892),#903,.T.);
#859 = FACE_BOUND('',#860,.T.);
#860 = EDGE_LOOP('',(#861,#862,#863,#864));
#861 = ORIENTED_EDGE('',*,*,#134,.F.);
#862 = ORIENTED_EDGE('',*,*,#229,.T.);
#863 = ORIENTED_EDGE('',*,*,#254,.T.);
#864 = ORIENTED_EDGE('',*,*,#150,.F.);
#865 = FACE_BOUND('',#866,.T.);
#866 = EDGE_LOOP('',(#867));
#867 = ORIENTED_EDGE('',*,*,#868,.F.);
#868 = EDGE_CURVE('',#869,#869,#871,.T.);
#869 = VERTEX_POINT('',#870);
#870 = CARTESIAN_POINT('',(32.,4.,1.35));
#871 = CIRCLE('',#872,1.35);
#872 = AXIS2_PLACEMENT_3D('',#873,#874,#875);
#873 = CARTESIAN_POINT('',(32.,4.,0.));
#874 = DIRECTION('',(1.,0.,0.));
#875 = DIRECTION('',(-0.,0.,1.));
#876 = FACE_BOUND('',#877,.T.);
#877 = EDGE_LOOP('',(#878,#884,#885,#891));
#878 = ORIENTED_EDGE('',*,*,#879,.T.);
#879 = EDGE_CURVE('',#351,#599,#880,.T.);
#880 = LINE('',#881,#882);
#881 = CARTESIAN_POINT('',(32.,-8.7,-0.85));
#882 = VECTOR('',#883,1.);
#883 = DIRECTION('',(0.,-1.,0.));
#884 = ORIENTED_EDGE('',*,*,#598,.T.);
#885 = ORIENTED_EDGE('',*,*,#886,.F.);
#886 = EDGE_CURVE('',#343,#591,#887,.T.);
#887 = LINE('',#888,#889);
#888 = CARTESIAN_POINT('',(32.,-8.7,0.85));
#889 = VECTOR('',#890,1.);
#890 = DIRECTION('',(0.,-1.,0.));
#891 = ORIENTED_EDGE('',*,*,#350,.F.);
#892 = FACE_BOUND('',#893,.T.);
#893 = EDGE_LOOP('',(#894));
#894 = ORIENTED_EDGE('',*,*,#895,.F.);
#895 = EDGE_CURVE('',#896,#896,#898,.T.);
#896 = VERTEX_POINT('',#897);
#897 = CARTESIAN_POINT('',(32.,-4.,1.35));
#898 = CIRCLE('',#899,1.35);
#899 = AXIS2_PLACEMENT_3D('',#900,#901,#902);
#900 = CARTESIAN_POINT('',(32.,-4.,0.));
#901 = DIRECTION('',(1.,0.,0.));
#902 = DIRECTION('',(-0.,0.,1.));
#903 = PLANE('',#904);
#904 = AXIS2_PLACEMENT_3D('',#905,#906,#907);
#905 = CARTESIAN_POINT('',(32.,-15.,-17.));
#906 = DIRECTION('',(1.,0.,-0.));
#907 = DIRECTION('',(0.,0.,1.));
#908 = ADVANCED_FACE('',(#909),#928,.F.);
#909 = FACE_BOUND('',#910,.F.);
#910 = EDGE_LOOP('',(#911,#912,#920,#927));
#911 = ORIENTED_EDGE('',*,*,#166,.F.);
#912 = ORIENTED_EDGE('',*,*,#913,.F.);
#913 = EDGE_CURVE('',#914,#167,#916,.T.);
#914 = VERTEX_POINT('',#915);
#915 = CARTESIAN_POINT('',(8.2,-10.,8.));
#916 = LINE('',#917,#918);
#917 = CARTESIAN_POINT('',(8.2,-10.,8.));
#918 = VECTOR('',#919,1.);
#919 = DIRECTION('',(0.,0.,1.));
#920 = ORIENTED_EDGE('',*,*,#921,.T.);
#921 = EDGE_CURVE('',#914,#914,#922,.T.);
#922 = CIRCLE('',#923,2.2);
#923 = AXIS2_PLACEMENT_3D('',#924,#925,#926);
#924 = CARTESIAN_POINT('',(6.,-10.,8.));
#925 = DIRECTION('',(0.,0.,1.));
#926 = DIRECTION('',(1.,0.,-0.));
#927 = ORIENTED_EDGE('',*,*,#913,.T.);
#928 = CYLINDRICAL_SURFACE('',#929,2.2);
#929 = AXIS2_PLACEMENT_3D('',#930,#931,#932);
#930 = CARTESIAN_POINT('',(6.,-10.,8.));
#931 = DIRECTION('',(0.,0.,1.));
#932 = DIRECTION('',(1.,0.,-0.));
#933 = ADVANCED_FACE('',(#934),#953,.F.);
#934 = FACE_BOUND('',#935,.F.);
#935 = EDGE_LOOP('',(#936,#937,#945,#952));
#936 = ORIENTED_EDGE('',*,*,#177,.F.);
#937 = ORIENTED_EDGE('',*,*,#938,.F.);
#938 = EDGE_CURVE('',#939,#178,#941,.T.);
#939 = VERTEX_POINT('',#940);
#940 = CARTESIAN_POINT('',(28.2,-10.,8.));
#941 = LINE('',#942,#943);
#942 = CARTESIAN_POINT('',(28.2,-10.,8.));
#943 = VECTOR('',#944,1.);
#944 = DIRECTION('',(0.,0.,1.));
#945 = ORIENTED_EDGE('',*,*,#946,.T.);
#946 = EDGE_CURVE('',#939,#939,#947,.T.);
#947 = CIRCLE('',#948,2.2);
#948 = AXIS2_PLACEMENT_3D('',#949,#950,#951);
#949 = CARTESIAN_POINT('',(26.,-10.,8.));
#950 = DIRECTION('',(0.,0.,1.));
#951 = DIRECTION('',(1.,0.,-0.));
#952 = ORIENTED_EDGE('',*,*,#938,.T.);
#953 = CYLINDRICAL_SURFACE('',#954,2.2);
#954 = AXIS2_PLACEMENT_3D('',#955,#956,#957);
#955 = CARTESIAN_POINT('',(26.,-10.,8.));
#956 = DIRECTION('',(0.,0.,1.));
#957 = DIRECTION('',(1.,0.,-0.));
#958 = ADVANCED_FACE('',(#959),#978,.F.);
#959 = FACE_BOUND('',#960,.F.);
#960 = EDGE_LOOP('',(#961,#962,#970,#977));
#961 = ORIENTED_EDGE('',*,*,#188,.F.);
#962 = ORIENTED_EDGE('',*,*,#963,.F.);
#963 = EDGE_CURVE('',#964,#189,#966,.T.);
#964 = VERTEX_POINT('',#965);
#965 = CARTESIAN_POINT('',(8.2,10.,8.));
#966 = LINE('',#967,#968);
#967 = CARTESIAN_POINT('',(8.2,10.,8.));
#968 = VECTOR('',#969,1.);
#969 = DIRECTION('',(0.,0.,1.));
#970 = ORIENTED_EDGE('',*,*,#971,.T.);
#971 = EDGE_CURVE('',#964,#964,#972,.T.);
#972 = CIRCLE('',#973,2.2);
#973 = AXIS2_PLACEMENT_3D('',#974,#975,#976);
#974 = CARTESIAN_POINT('',(6.,10.,8.));
#975 = DIRECTION('',(0.,0.,1.));
#976 = DIRECTION('',(1.,0.,-0.));
#977 = ORIENTED_EDGE('',*,*,#963,.T.);
#978 = CYLINDRICAL_SURFACE('',#979,2.2);
#979 = AXIS2_PLACEMENT_3D('',#980,#981,#982);
#980 = CARTESIAN_POINT('',(6.,10.,8.));
#981 = DIRECTION('',(0.,0.,1.));
#982 = DIRECTION('',(1.,0.,-0.));
#983 = ADVANCED_FACE('',(#984),#1071,.F.);
#984 = FACE_BOUND('',#985,.F.);
#985 = EDGE_LOOP('',(#986,#994,#995,#996,#1005,#1013,#1022,#1030,#1039,
    #1047,#1056,#1064));
#986 = ORIENTED_EDGE('',*,*,#987,.T.);
#987 = EDGE_CURVE('',#988,#200,#990,.T.);
#988 = VERTEX_POINT('',#989);
#989 = CARTESIAN_POINT('',(20.5,-1.102182119233E-15,13.85));
#990 = LINE('',#991,#992);
#991 = CARTESIAN_POINT('',(20.5,-1.102182119233E-15,7.));
#992 = VECTOR('',#993,1.);
#993 = DIRECTION('',(0.,0.,1.));
#994 = ORIENTED_EDGE('',*,*,#199,.F.);
#995 = ORIENTED_EDGE('',*,*,#987,.F.);
#996 = ORIENTED_EDGE('',*,*,#997,.T.);
#997 = EDGE_CURVE('',#988,#998,#1000,.T.);
#998 = VERTEX_POINT('',#999);
#999 = CARTESIAN_POINT('',(17.854723699099,4.1,13.85));
#1000 = CIRCLE('',#1001,4.5);
#1001 = AXIS2_PLACEMENT_3D('',#1002,#1003,#1004);
#1002 = CARTESIAN_POINT('',(16.,0.,13.85));
#1003 = DIRECTION('',(0.,0.,1.));
#1004 = DIRECTION('',(1.,0.,-0.));
#1005 = ORIENTED_EDGE('',*,*,#1006,.F.);
#1006 = EDGE_CURVE('',#1007,#998,#1009,.T.);
#1007 = VERTEX_POINT('',#1008);
#1008 = CARTESIAN_POINT('',(17.854723699099,4.1,7.));
#1009 = LINE('',#1010,#1011);
#1010 = CARTESIAN_POINT('',(17.854723699099,4.1,7.));
#1011 = VECTOR('',#1012,1.);
#1012 = DIRECTION('',(0.,0.,1.));
#1013 = ORIENTED_EDGE('',*,*,#1014,.T.);
#1014 = EDGE_CURVE('',#1007,#1015,#1017,.T.);
#1015 = VERTEX_POINT('',#1016);
#1016 = CARTESIAN_POINT('',(14.145276300901,4.1,7.));
#1017 = CIRCLE('',#1018,4.5);
#1018 = AXIS2_PLACEMENT_3D('',#1019,#1020,#1021);
#1019 = CARTESIAN_POINT('',(16.,0.,7.));
#1020 = DIRECTION('',(0.,0.,1.));
#1021 = DIRECTION('',(1.,0.,-0.));
#1022 = ORIENTED_EDGE('',*,*,#1023,.T.);
#1023 = EDGE_CURVE('',#1015,#1024,#1026,.T.);
#1024 = VERTEX_POINT('',#1025);
#1025 = CARTESIAN_POINT('',(14.145276300901,4.1,13.85));
#1026 = LINE('',#1027,#1028);
#1027 = CARTESIAN_POINT('',(14.145276300901,4.1,7.));
#1028 = VECTOR('',#1029,1.);
#1029 = DIRECTION('',(0.,0.,1.));
#1030 = ORIENTED_EDGE('',*,*,#1031,.T.);
#1031 = EDGE_CURVE('',#1024,#1032,#1034,.T.);
#1032 = VERTEX_POINT('',#1033);
#1033 = CARTESIAN_POINT('',(14.145276300901,-4.1,13.85));
#1034 = CIRCLE('',#1035,4.5);
#1035 = AXIS2_PLACEMENT_3D('',#1036,#1037,#1038);
#1036 = CARTESIAN_POINT('',(16.,0.,13.85));
#1037 = DIRECTION('',(0.,0.,1.));
#1038 = DIRECTION('',(1.,0.,-0.));
#1039 = ORIENTED_EDGE('',*,*,#1040,.F.);
#1040 = EDGE_CURVE('',#1041,#1032,#1043,.T.);
#1041 = VERTEX_POINT('',#1042);
#1042 = CARTESIAN_POINT('',(14.145276300901,-4.1,7.));
#1043 = LINE('',#1044,#1045);
#1044 = CARTESIAN_POINT('',(14.145276300901,-4.1,7.));
#1045 = VECTOR('',#1046,1.);
#1046 = DIRECTION('',(0.,0.,1.));
#1047 = ORIENTED_EDGE('',*,*,#1048,.T.);
#1048 = EDGE_CURVE('',#1041,#1049,#1051,.T.);
#1049 = VERTEX_POINT('',#1050);
#1050 = CARTESIAN_POINT('',(17.854723699099,-4.1,7.));
#1051 = CIRCLE('',#1052,4.5);
#1052 = AXIS2_PLACEMENT_3D('',#1053,#1054,#1055);
#1053 = CARTESIAN_POINT('',(16.,0.,7.));
#1054 = DIRECTION('',(0.,0.,1.));
#1055 = DIRECTION('',(1.,0.,-0.));
#1056 = ORIENTED_EDGE('',*,*,#1057,.T.);
#1057 = EDGE_CURVE('',#1049,#1058,#1060,.T.);
#1058 = VERTEX_POINT('',#1059);
#1059 = CARTESIAN_POINT('',(17.854723699099,-4.1,13.85));
#1060 = LINE('',#1061,#1062);
#1061 = CARTESIAN_POINT('',(17.854723699099,-4.1,7.));
#1062 = VECTOR('',#1063,1.);
#1063 = DIRECTION('',(0.,0.,1.));
#1064 = ORIENTED_EDGE('',*,*,#1065,.T.);
#1065 = EDGE_CURVE('',#1058,#988,#1066,.T.);
#1066 = CIRCLE('',#1067,4.5);
#1067 = AXIS2_PLACEMENT_3D('',#1068,#1069,#1070);
#1068 = CARTESIAN_POINT('',(16.,0.,13.85));
#1069 = DIRECTION('',(0.,0.,1.));
#1070 = DIRECTION('',(1.,0.,-0.));
#1071 = CYLINDRICAL_SURFACE('',#1072,4.5);
#1072 = AXIS2_PLACEMENT_3D('',#1073,#1074,#1075);
#1073 = CARTESIAN_POINT('',(16.,0.,7.));
#1074 = DIRECTION('',(0.,0.,1.));
#1075 = DIRECTION('',(1.,0.,-0.));
#1076 = ADVANCED_FACE('',(#1077),#1096,.F.);
#1077 = FACE_BOUND('',#1078,.F.);
#1078 = EDGE_LOOP('',(#1079,#1080,#1088,#1095));
#1079 = ORIENTED_EDGE('',*,*,#210,.F.);
#1080 = ORIENTED_EDGE('',*,*,#1081,.F.);
#1081 = EDGE_CURVE('',#1082,#211,#1084,.T.);
#1082 = VERTEX_POINT('',#1083);
#1083 = CARTESIAN_POINT('',(28.2,10.,8.));
#1084 = LINE('',#1085,#1086);
#1085 = CARTESIAN_POINT('',(28.2,10.,8.));
#1086 = VECTOR('',#1087,1.);
#1087 = DIRECTION('',(0.,0.,1.));
#1088 = ORIENTED_EDGE('',*,*,#1089,.T.);
#1089 = EDGE_CURVE('',#1082,#1082,#1090,.T.);
#1090 = CIRCLE('',#1091,2.2);
#1091 = AXIS2_PLACEMENT_3D('',#1092,#1093,#1094);
#1092 = CARTESIAN_POINT('',(26.,10.,8.));
#1093 = DIRECTION('',(0.,0.,1.));
#1094 = DIRECTION('',(1.,0.,-0.));
#1095 = ORIENTED_EDGE('',*,*,#1081,.T.);
#1096 = CYLINDRICAL_SURFACE('',#1097,2.2);
#1097 = AXIS2_PLACEMENT_3D('',#1098,#1099,#1100);
#1098 = CARTESIAN_POINT('',(26.,10.,8.));
#1099 = DIRECTION('',(0.,0.,1.));
#1100 = DIRECTION('',(1.,0.,-0.));
#1101 = ADVANCED_FACE('',(#1102),#1105,.F.);
#1102 = FACE_BOUND('',#1103,.F.);
#1103 = EDGE_LOOP('',(#1104));
#1104 = ORIENTED_EDGE('',*,*,#276,.T.);
#1105 = PLANE('',#1106);
#1106 = AXIS2_PLACEMENT_3D('',#1107,#1108,#1109);
#1107 = CARTESIAN_POINT('',(13.,11.,0.));
#1108 = DIRECTION('',(1.,0.,0.));
#1109 = DIRECTION('',(-0.,0.,1.));
#1110 = ADVANCED_FACE('',(#1111),#1152,.T.);
#1111 = FACE_BOUND('',#1112,.T.);
#1112 = EDGE_LOOP('',(#1113,#1123,#1131,#1139,#1145,#1146));
#1113 = ORIENTED_EDGE('',*,*,#1114,.F.);
#1114 = EDGE_CURVE('',#1115,#1117,#1119,.T.);
#1115 = VERTEX_POINT('',#1116);
#1116 = CARTESIAN_POINT('',(8.,-3.1,-1.2));
#1117 = VERTEX_POINT('',#1118);
#1118 = CARTESIAN_POINT('',(8.,-3.1,-0.85));
#1119 = LINE('',#1120,#1121);
#1120 = CARTESIAN_POINT('',(8.,-3.1,-1.2));
#1121 = VECTOR('',#1122,1.);
#1122 = DIRECTION('',(0.,0.,1.));
#1123 = ORIENTED_EDGE('',*,*,#1124,.T.);
#1124 = EDGE_CURVE('',#1115,#1125,#1127,.T.);
#1125 = VERTEX_POINT('',#1126);
#1126 = CARTESIAN_POINT('',(8.,3.1,-1.2));
#1127 = LINE('',#1128,#1129);
#1128 = CARTESIAN_POINT('',(8.,-3.1,-1.2));
#1129 = VECTOR('',#1130,1.);
#1130 = DIRECTION('',(-0.,1.,0.));
#1131 = ORIENTED_EDGE('',*,*,#1132,.T.);
#1132 = EDGE_CURVE('',#1125,#1133,#1135,.T.);
#1133 = VERTEX_POINT('',#1134);
#1134 = CARTESIAN_POINT('',(8.,3.1,-0.85));
#1135 = LINE('',#1136,#1137);
#1136 = CARTESIAN_POINT('',(8.,3.1,-1.2));
#1137 = VECTOR('',#1138,1.);
#1138 = DIRECTION('',(0.,0.,1.));
#1139 = ORIENTED_EDGE('',*,*,#1140,.F.);
#1140 = EDGE_CURVE('',#294,#1133,#1141,.T.);
#1141 = LINE('',#1142,#1143);
#1142 = CARTESIAN_POINT('',(8.,-3.1,-0.85));
#1143 = VECTOR('',#1144,1.);
#1144 = DIRECTION('',(-0.,1.,0.));
#1145 = ORIENTED_EDGE('',*,*,#310,.F.);
#1146 = ORIENTED_EDGE('',*,*,#1147,.F.);
#1147 = EDGE_CURVE('',#1117,#303,#1148,.T.);
#1148 = LINE('',#1149,#1150);
#1149 = CARTESIAN_POINT('',(8.,-3.1,-0.85));
#1150 = VECTOR('',#1151,1.);
#1151 = DIRECTION('',(-0.,1.,0.));
#1152 = PLANE('',#1153);
#1153 = AXIS2_PLACEMENT_3D('',#1154,#1155,#1156);
#1154 = CARTESIAN_POINT('',(8.,-3.1,-1.2));
#1155 = DIRECTION('',(1.,0.,-0.));
#1156 = DIRECTION('',(0.,0.,1.));
#1157 = ADVANCED_FACE('',(#1158),#1176,.F.);
#1158 = FACE_BOUND('',#1159,.F.);
#1159 = EDGE_LOOP('',(#1160,#1161,#1162,#1170));
#1160 = ORIENTED_EDGE('',*,*,#1140,.F.);
#1161 = ORIENTED_EDGE('',*,*,#558,.T.);
#1162 = ORIENTED_EDGE('',*,*,#1163,.T.);
#1163 = EDGE_CURVE('',#551,#1164,#1166,.T.);
#1164 = VERTEX_POINT('',#1165);
#1165 = CARTESIAN_POINT('',(8.54,3.1,-0.85));
#1166 = LINE('',#1167,#1168);
#1167 = CARTESIAN_POINT('',(8.54,-3.1,-0.85));
#1168 = VECTOR('',#1169,1.);
#1169 = DIRECTION('',(-0.,1.,0.));
#1170 = ORIENTED_EDGE('',*,*,#1171,.F.);
#1171 = EDGE_CURVE('',#1133,#1164,#1172,.T.);
#1172 = LINE('',#1173,#1174);
#1173 = CARTESIAN_POINT('',(8.,3.1,-0.85));
#1174 = VECTOR('',#1175,1.);
#1175 = DIRECTION('',(1.,0.,-0.));
#1176 = PLANE('',#1177);
#1177 = AXIS2_PLACEMENT_3D('',#1178,#1179,#1180);
#1178 = CARTESIAN_POINT('',(8.,-3.1,-0.85));
#1179 = DIRECTION('',(0.,0.,1.));
#1180 = DIRECTION('',(1.,0.,-0.));
#1181 = ADVANCED_FACE('',(#1182),#1198,.T.);
#1182 = FACE_BOUND('',#1183,.T.);
#1183 = EDGE_LOOP('',(#1184,#1185,#1191,#1192));
#1184 = ORIENTED_EDGE('',*,*,#550,.F.);
#1185 = ORIENTED_EDGE('',*,*,#1186,.F.);
#1186 = EDGE_CURVE('',#799,#551,#1187,.T.);
#1187 = LINE('',#1188,#1189);
#1188 = CARTESIAN_POINT('',(8.54,-3.1,-0.85));
#1189 = VECTOR('',#1190,1.);
#1190 = DIRECTION('',(-0.,1.,0.));
#1191 = ORIENTED_EDGE('',*,*,#798,.T.);
#1192 = ORIENTED_EDGE('',*,*,#1193,.T.);
#1193 = EDGE_CURVE('',#791,#543,#1194,.T.);
#1194 = LINE('',#1195,#1196);
#1195 = CARTESIAN_POINT('',(9.2,-3.1,-0.85));
#1196 = VECTOR('',#1197,1.);
#1197 = DIRECTION('',(-0.,1.,0.));
#1198 = PLANE('',#1199);
#1199 = AXIS2_PLACEMENT_3D('',#1200,#1201,#1202);
#1200 = CARTESIAN_POINT('',(-2.,-2.4,-0.85));
#1201 = DIRECTION('',(0.,0.,1.));
#1202 = DIRECTION('',(1.,0.,-0.));
#1203 = ADVANCED_FACE('',(#1204),#1229,.F.);
#1204 = FACE_BOUND('',#1205,.F.);
#1205 = EDGE_LOOP('',(#1206,#1214,#1215,#1223));
#1206 = ORIENTED_EDGE('',*,*,#1207,.F.);
#1207 = EDGE_CURVE('',#543,#1208,#1210,.T.);
#1208 = VERTEX_POINT('',#1209);
#1209 = CARTESIAN_POINT('',(9.2,3.1,-0.85));
#1210 = LINE('',#1211,#1212);
#1211 = CARTESIAN_POINT('',(9.2,-3.1,-0.85));
#1212 = VECTOR('',#1213,1.);
#1213 = DIRECTION('',(-0.,1.,0.));
#1214 = ORIENTED_EDGE('',*,*,#542,.T.);
#1215 = ORIENTED_EDGE('',*,*,#1216,.T.);
#1216 = EDGE_CURVE('',#535,#1217,#1219,.T.);
#1217 = VERTEX_POINT('',#1218);
#1218 = CARTESIAN_POINT('',(9.74,3.1,-0.85));
#1219 = LINE('',#1220,#1221);
#1220 = CARTESIAN_POINT('',(9.74,-3.1,-0.85));
#1221 = VECTOR('',#1222,1.);
#1222 = DIRECTION('',(-0.,1.,0.));
#1223 = ORIENTED_EDGE('',*,*,#1224,.F.);
#1224 = EDGE_CURVE('',#1208,#1217,#1225,.T.);
#1225 = LINE('',#1226,#1227);
#1226 = CARTESIAN_POINT('',(9.2,3.1,-0.85));
#1227 = VECTOR('',#1228,1.);
#1228 = DIRECTION('',(1.,0.,-0.));
#1229 = PLANE('',#1230);
#1230 = AXIS2_PLACEMENT_3D('',#1231,#1232,#1233);
#1231 = CARTESIAN_POINT('',(9.2,-3.1,-0.85));
#1232 = DIRECTION('',(0.,0.,1.));
#1233 = DIRECTION('',(1.,0.,-0.));
#1234 = ADVANCED_FACE('',(#1235),#1251,.T.);
#1235 = FACE_BOUND('',#1236,.T.);
#1236 = EDGE_LOOP('',(#1237,#1238,#1244,#1245));
#1237 = ORIENTED_EDGE('',*,*,#534,.F.);
#1238 = ORIENTED_EDGE('',*,*,#1239,.F.);
#1239 = EDGE_CURVE('',#783,#535,#1240,.T.);
#1240 = LINE('',#1241,#1242);
#1241 = CARTESIAN_POINT('',(9.74,-3.1,-0.85));
#1242 = VECTOR('',#1243,1.);
#1243 = DIRECTION('',(-0.,1.,0.));
#1244 = ORIENTED_EDGE('',*,*,#782,.T.);
#1245 = ORIENTED_EDGE('',*,*,#1246,.T.);
#1246 = EDGE_CURVE('',#775,#527,#1247,.T.);
#1247 = LINE('',#1248,#1249);
#1248 = CARTESIAN_POINT('',(10.4,-3.1,-0.85));
#1249 = VECTOR('',#1250,1.);
#1250 = DIRECTION('',(-0.,1.,0.));
#1251 = PLANE('',#1252);
#1252 = AXIS2_PLACEMENT_3D('',#1253,#1254,#1255);
#1253 = CARTESIAN_POINT('',(-2.,-2.4,-0.85));
#1254 = DIRECTION('',(0.,0.,1.));
#1255 = DIRECTION('',(1.,0.,-0.));
#1256 = ADVANCED_FACE('',(#1257),#1282,.F.);
#1257 = FACE_BOUND('',#1258,.F.);
#1258 = EDGE_LOOP('',(#1259,#1267,#1268,#1276));
#1259 = ORIENTED_EDGE('',*,*,#1260,.F.);
#1260 = EDGE_CURVE('',#527,#1261,#1263,.T.);
#1261 = VERTEX_POINT('',#1262);
#1262 = CARTESIAN_POINT('',(10.4,3.1,-0.85));
#1263 = LINE('',#1264,#1265);
#1264 = CARTESIAN_POINT('',(10.4,-3.1,-0.85));
#1265 = VECTOR('',#1266,1.);
#1266 = DIRECTION('',(-0.,1.,0.));
#1267 = ORIENTED_EDGE('',*,*,#526,.T.);
#1268 = ORIENTED_EDGE('',*,*,#1269,.T.);
#1269 = EDGE_CURVE('',#519,#1270,#1272,.T.);
#1270 = VERTEX_POINT('',#1271);
#1271 = CARTESIAN_POINT('',(10.94,3.1,-0.85));
#1272 = LINE('',#1273,#1274);
#1273 = CARTESIAN_POINT('',(10.94,-3.1,-0.85));
#1274 = VECTOR('',#1275,1.);
#1275 = DIRECTION('',(-0.,1.,0.));
#1276 = ORIENTED_EDGE('',*,*,#1277,.F.);
#1277 = EDGE_CURVE('',#1261,#1270,#1278,.T.);
#1278 = LINE('',#1279,#1280);
#1279 = CARTESIAN_POINT('',(10.4,3.1,-0.85));
#1280 = VECTOR('',#1281,1.);
#1281 = DIRECTION('',(1.,0.,-0.));
#1282 = PLANE('',#1283);
#1283 = AXIS2_PLACEMENT_3D('',#1284,#1285,#1286);
#1284 = CARTESIAN_POINT('',(10.4,-3.1,-0.85));
#1285 = DIRECTION('',(0.,0.,1.));
#1286 = DIRECTION('',(1.,0.,-0.));
#1287 = ADVANCED_FACE('',(#1288),#1304,.T.);
#1288 = FACE_BOUND('',#1289,.T.);
#1289 = EDGE_LOOP('',(#1290,#1291,#1297,#1298));
#1290 = ORIENTED_EDGE('',*,*,#518,.F.);
#1291 = ORIENTED_EDGE('',*,*,#1292,.F.);
#1292 = EDGE_CURVE('',#767,#519,#1293,.T.);
#1293 = LINE('',#1294,#1295);
#1294 = CARTESIAN_POINT('',(10.94,-3.1,-0.85));
#1295 = VECTOR('',#1296,1.);
#1296 = DIRECTION('',(-0.,1.,0.));
#1297 = ORIENTED_EDGE('',*,*,#766,.T.);
#1298 = ORIENTED_EDGE('',*,*,#1299,.T.);
#1299 = EDGE_CURVE('',#759,#511,#1300,.T.);
#1300 = LINE('',#1301,#1302);
#1301 = CARTESIAN_POINT('',(11.6,-3.1,-0.85));
#1302 = VECTOR('',#1303,1.);
#1303 = DIRECTION('',(-0.,1.,0.));
#1304 = PLANE('',#1305);
#1305 = AXIS2_PLACEMENT_3D('',#1306,#1307,#1308);
#1306 = CARTESIAN_POINT('',(-2.,-2.4,-0.85));
#1307 = DIRECTION('',(0.,0.,1.));
#1308 = DIRECTION('',(1.,0.,-0.));
#1309 = ADVANCED_FACE('',(#1310),#1335,.F.);
#1310 = FACE_BOUND('',#1311,.F.);
#1311 = EDGE_LOOP('',(#1312,#1320,#1321,#1329));
#1312 = ORIENTED_EDGE('',*,*,#1313,.F.);
#1313 = EDGE_CURVE('',#511,#1314,#1316,.T.);
#1314 = VERTEX_POINT('',#1315);
#1315 = CARTESIAN_POINT('',(11.6,3.1,-0.85));
#1316 = LINE('',#1317,#1318);
#1317 = CARTESIAN_POINT('',(11.6,-3.1,-0.85));
#1318 = VECTOR('',#1319,1.);
#1319 = DIRECTION('',(-0.,1.,0.));
#1320 = ORIENTED_EDGE('',*,*,#510,.T.);
#1321 = ORIENTED_EDGE('',*,*,#1322,.T.);
#1322 = EDGE_CURVE('',#503,#1323,#1325,.T.);
#1323 = VERTEX_POINT('',#1324);
#1324 = CARTESIAN_POINT('',(12.14,3.1,-0.85));
#1325 = LINE('',#1326,#1327);
#1326 = CARTESIAN_POINT('',(12.14,-3.1,-0.85));
#1327 = VECTOR('',#1328,1.);
#1328 = DIRECTION('',(-0.,1.,0.));
#1329 = ORIENTED_EDGE('',*,*,#1330,.F.);
#1330 = EDGE_CURVE('',#1314,#1323,#1331,.T.);
#1331 = LINE('',#1332,#1333);
#1332 = CARTESIAN_POINT('',(11.6,3.1,-0.85));
#1333 = VECTOR('',#1334,1.);
#1334 = DIRECTION('',(1.,0.,-0.));
#1335 = PLANE('',#1336);
#1336 = AXIS2_PLACEMENT_3D('',#1337,#1338,#1339);
#1337 = CARTESIAN_POINT('',(11.6,-3.1,-0.85));
#1338 = DIRECTION('',(0.,0.,1.));
#1339 = DIRECTION('',(1.,0.,-0.));
#1340 = ADVANCED_FACE('',(#1341),#1357,.T.);
#1341 = FACE_BOUND('',#1342,.T.);
#1342 = EDGE_LOOP('',(#1343,#1344,#1350,#1351));
#1343 = ORIENTED_EDGE('',*,*,#502,.F.);
#1344 = ORIENTED_EDGE('',*,*,#1345,.F.);
#1345 = EDGE_CURVE('',#751,#503,#1346,.T.);
#1346 = LINE('',#1347,#1348);
#1347 = CARTESIAN_POINT('',(12.14,-3.1,-0.85));
#1348 = VECTOR('',#1349,1.);
#1349 = DIRECTION('',(-0.,1.,0.));
#1350 = ORIENTED_EDGE('',*,*,#750,.T.);
#1351 = ORIENTED_EDGE('',*,*,#1352,.T.);
#1352 = EDGE_CURVE('',#743,#495,#1353,.T.);
#1353 = LINE('',#1354,#1355);
#1354 = CARTESIAN_POINT('',(12.8,-3.1,-0.85));
#1355 = VECTOR('',#1356,1.);
#1356 = DIRECTION('',(-0.,1.,0.));
#1357 = PLANE('',#1358);
#1358 = AXIS2_PLACEMENT_3D('',#1359,#1360,#1361);
#1359 = CARTESIAN_POINT('',(-2.,-2.4,-0.85));
#1360 = DIRECTION('',(0.,0.,1.));
#1361 = DIRECTION('',(1.,0.,-0.));
#1362 = ADVANCED_FACE('',(#1363),#1388,.F.);
#1363 = FACE_BOUND('',#1364,.F.);
#1364 = EDGE_LOOP('',(#1365,#1373,#1374,#1382));
#1365 = ORIENTED_EDGE('',*,*,#1366,.F.);
#1366 = EDGE_CURVE('',#495,#1367,#1369,.T.);
#1367 = VERTEX_POINT('',#1368);
#1368 = CARTESIAN_POINT('',(12.8,3.1,-0.85));
#1369 = LINE('',#1370,#1371);
#1370 = CARTESIAN_POINT('',(12.8,-3.1,-0.85));
#1371 = VECTOR('',#1372,1.);
#1372 = DIRECTION('',(-0.,1.,0.));
#1373 = ORIENTED_EDGE('',*,*,#494,.T.);
#1374 = ORIENTED_EDGE('',*,*,#1375,.T.);
#1375 = EDGE_CURVE('',#487,#1376,#1378,.T.);
#1376 = VERTEX_POINT('',#1377);
#1377 = CARTESIAN_POINT('',(13.34,3.1,-0.85));
#1378 = LINE('',#1379,#1380);
#1379 = CARTESIAN_POINT('',(13.34,-3.1,-0.85));
#1380 = VECTOR('',#1381,1.);
#1381 = DIRECTION('',(-0.,1.,0.));
#1382 = ORIENTED_EDGE('',*,*,#1383,.F.);
#1383 = EDGE_CURVE('',#1367,#1376,#1384,.T.);
#1384 = LINE('',#1385,#1386);
#1385 = CARTESIAN_POINT('',(12.8,3.1,-0.85));
#1386 = VECTOR('',#1387,1.);
#1387 = DIRECTION('',(1.,0.,-0.));
#1388 = PLANE('',#1389);
#1389 = AXIS2_PLACEMENT_3D('',#1390,#1391,#1392);
#1390 = CARTESIAN_POINT('',(12.8,-3.1,-0.85));
#1391 = DIRECTION('',(0.,0.,1.));
#1392 = DIRECTION('',(1.,0.,-0.));
#1393 = ADVANCED_FACE('',(#1394),#1410,.T.);
#1394 = FACE_BOUND('',#1395,.T.);
#1395 = EDGE_LOOP('',(#1396,#1397,#1403,#1404));
#1396 = ORIENTED_EDGE('',*,*,#486,.F.);
#1397 = ORIENTED_EDGE('',*,*,#1398,.F.);
#1398 = EDGE_CURVE('',#735,#487,#1399,.T.);
#1399 = LINE('',#1400,#1401);
#1400 = CARTESIAN_POINT('',(13.34,-3.1,-0.85));
#1401 = VECTOR('',#1402,1.);
#1402 = DIRECTION('',(-0.,1.,0.));
#1403 = ORIENTED_EDGE('',*,*,#734,.T.);
#1404 = ORIENTED_EDGE('',*,*,#1405,.T.);
#1405 = EDGE_CURVE('',#727,#479,#1406,.T.);
#1406 = LINE('',#1407,#1408);
#1407 = CARTESIAN_POINT('',(14.,-3.1,-0.85));
#1408 = VECTOR('',#1409,1.);
#1409 = DIRECTION('',(-0.,1.,0.));
#1410 = PLANE('',#1411);
#1411 = AXIS2_PLACEMENT_3D('',#1412,#1413,#1414);
#1412 = CARTESIAN_POINT('',(-2.,-2.4,-0.85));
#1413 = DIRECTION('',(0.,0.,1.));
#1414 = DIRECTION('',(1.,0.,-0.));
#1415 = ADVANCED_FACE('',(#1416),#1441,.F.);
#1416 = FACE_BOUND('',#1417,.F.);
#1417 = EDGE_LOOP('',(#1418,#1426,#1427,#1435));
#1418 = ORIENTED_EDGE('',*,*,#1419,.F.);
#1419 = EDGE_CURVE('',#479,#1420,#1422,.T.);
#1420 = VERTEX_POINT('',#1421);
#1421 = CARTESIAN_POINT('',(14.,3.1,-0.85));
#1422 = LINE('',#1423,#1424);
#1423 = CARTESIAN_POINT('',(14.,-3.1,-0.85));
#1424 = VECTOR('',#1425,1.);
#1425 = DIRECTION('',(-0.,1.,0.));
#1426 = ORIENTED_EDGE('',*,*,#478,.T.);
#1427 = ORIENTED_EDGE('',*,*,#1428,.T.);
#1428 = EDGE_CURVE('',#471,#1429,#1431,.T.);
#1429 = VERTEX_POINT('',#1430);
#1430 = CARTESIAN_POINT('',(14.54,3.1,-0.85));
#1431 = LINE('',#1432,#1433);
#1432 = CARTESIAN_POINT('',(14.54,-3.1,-0.85));
#1433 = VECTOR('',#1434,1.);
#1434 = DIRECTION('',(-0.,1.,0.));
#1435 = ORIENTED_EDGE('',*,*,#1436,.F.);
#1436 = EDGE_CURVE('',#1420,#1429,#1437,.T.);
#1437 = LINE('',#1438,#1439);
#1438 = CARTESIAN_POINT('',(14.,3.1,-0.85));
#1439 = VECTOR('',#1440,1.);
#1440 = DIRECTION('',(1.,0.,-0.));
#1441 = PLANE('',#1442);
#1442 = AXIS2_PLACEMENT_3D('',#1443,#1444,#1445);
#1443 = CARTESIAN_POINT('',(14.,-3.1,-0.85));
#1444 = DIRECTION('',(0.,0.,1.));
#1445 = DIRECTION('',(1.,0.,-0.));
#1446 = ADVANCED_FACE('',(#1447),#1463,.T.);
#1447 = FACE_BOUND('',#1448,.T.);
#1448 = EDGE_LOOP('',(#1449,#1450,#1456,#1457));
#1449 = ORIENTED_EDGE('',*,*,#470,.F.);
#1450 = ORIENTED_EDGE('',*,*,#1451,.F.);
#1451 = EDGE_CURVE('',#719,#471,#1452,.T.);
#1452 = LINE('',#1453,#1454);
#1453 = CARTESIAN_POINT('',(14.54,-3.1,-0.85));
#1454 = VECTOR('',#1455,1.);
#1455 = DIRECTION('',(-0.,1.,0.));
#1456 = ORIENTED_EDGE('',*,*,#718,.T.);
#1457 = ORIENTED_EDGE('',*,*,#1458,.T.);
#1458 = EDGE_CURVE('',#711,#463,#1459,.T.);
#1459 = LINE('',#1460,#1461);
#1460 = CARTESIAN_POINT('',(15.2,-3.1,-0.85));
#1461 = VECTOR('',#1462,1.);
#1462 = DIRECTION('',(-0.,1.,0.));
#1463 = PLANE('',#1464);
#1464 = AXIS2_PLACEMENT_3D('',#1465,#1466,#1467);
#1465 = CARTESIAN_POINT('',(-2.,-2.4,-0.85));
#1466 = DIRECTION('',(0.,0.,1.));
#1467 = DIRECTION('',(1.,0.,-0.));
#1468 = ADVANCED_FACE('',(#1469),#1494,.F.);
#1469 = FACE_BOUND('',#1470,.F.);
#1470 = EDGE_LOOP('',(#1471,#1479,#1480,#1488));
#1471 = ORIENTED_EDGE('',*,*,#1472,.F.);
#1472 = EDGE_CURVE('',#463,#1473,#1475,.T.);
#1473 = VERTEX_POINT('',#1474);
#1474 = CARTESIAN_POINT('',(15.2,3.1,-0.85));
#1475 = LINE('',#1476,#1477);
#1476 = CARTESIAN_POINT('',(15.2,-3.1,-0.85));
#1477 = VECTOR('',#1478,1.);
#1478 = DIRECTION('',(-0.,1.,0.));
#1479 = ORIENTED_EDGE('',*,*,#462,.T.);
#1480 = ORIENTED_EDGE('',*,*,#1481,.T.);
#1481 = EDGE_CURVE('',#455,#1482,#1484,.T.);
#1482 = VERTEX_POINT('',#1483);
#1483 = CARTESIAN_POINT('',(15.74,3.1,-0.85));
#1484 = LINE('',#1485,#1486);
#1485 = CARTESIAN_POINT('',(15.74,-3.1,-0.85));
#1486 = VECTOR('',#1487,1.);
#1487 = DIRECTION('',(-0.,1.,0.));
#1488 = ORIENTED_EDGE('',*,*,#1489,.F.);
#1489 = EDGE_CURVE('',#1473,#1482,#1490,.T.);
#1490 = LINE('',#1491,#1492);
#1491 = CARTESIAN_POINT('',(15.2,3.1,-0.85));
#1492 = VECTOR('',#1493,1.);
#1493 = DIRECTION('',(1.,0.,-0.));
#1494 = PLANE('',#1495);
#1495 = AXIS2_PLACEMENT_3D('',#1496,#1497,#1498);
#1496 = CARTESIAN_POINT('',(15.2,-3.1,-0.85));
#1497 = DIRECTION('',(0.,0.,1.));
#1498 = DIRECTION('',(1.,0.,-0.));
#1499 = ADVANCED_FACE('',(#1500),#1516,.T.);
#1500 = FACE_BOUND('',#1501,.T.);
#1501 = EDGE_LOOP('',(#1502,#1503,#1509,#1510));
#1502 = ORIENTED_EDGE('',*,*,#454,.F.);
#1503 = ORIENTED_EDGE('',*,*,#1504,.F.);
#1504 = EDGE_CURVE('',#703,#455,#1505,.T.);
#1505 = LINE('',#1506,#1507);
#1506 = CARTESIAN_POINT('',(15.74,-3.1,-0.85));
#1507 = VECTOR('',#1508,1.);
#1508 = DIRECTION('',(-0.,1.,0.));
#1509 = ORIENTED_EDGE('',*,*,#702,.T.);
#1510 = ORIENTED_EDGE('',*,*,#1511,.T.);
#1511 = EDGE_CURVE('',#695,#447,#1512,.T.);
#1512 = LINE('',#1513,#1514);
#1513 = CARTESIAN_POINT('',(16.4,-3.1,-0.85));
#1514 = VECTOR('',#1515,1.);
#1515 = DIRECTION('',(-0.,1.,0.));
#1516 = PLANE('',#1517);
#1517 = AXIS2_PLACEMENT_3D('',#1518,#1519,#1520);
#1518 = CARTESIAN_POINT('',(-2.,-2.4,-0.85));
#1519 = DIRECTION('',(0.,0.,1.));
#1520 = DIRECTION('',(1.,0.,-0.));
#1521 = ADVANCED_FACE('',(#1522),#1547,.F.);
#1522 = FACE_BOUND('',#1523,.F.);
#1523 = EDGE_LOOP('',(#1524,#1532,#1533,#1541));
#1524 = ORIENTED_EDGE('',*,*,#1525,.F.);
#1525 = EDGE_CURVE('',#447,#1526,#1528,.T.);
#1526 = VERTEX_POINT('',#1527);
#1527 = CARTESIAN_POINT('',(16.4,3.1,-0.85));
#1528 = LINE('',#1529,#1530);
#1529 = CARTESIAN_POINT('',(16.4,-3.1,-0.85));
#1530 = VECTOR('',#1531,1.);
#1531 = DIRECTION('',(-0.,1.,0.));
#1532 = ORIENTED_EDGE('',*,*,#446,.T.);
#1533 = ORIENTED_EDGE('',*,*,#1534,.T.);
#1534 = EDGE_CURVE('',#439,#1535,#1537,.T.);
#1535 = VERTEX_POINT('',#1536);
#1536 = CARTESIAN_POINT('',(16.94,3.1,-0.85));
#1537 = LINE('',#1538,#1539);
#1538 = CARTESIAN_POINT('',(16.94,-3.1,-0.85));
#1539 = VECTOR('',#1540,1.);
#1540 = DIRECTION('',(-0.,1.,0.));
#1541 = ORIENTED_EDGE('',*,*,#1542,.F.);
#1542 = EDGE_CURVE('',#1526,#1535,#1543,.T.);
#1543 = LINE('',#1544,#1545);
#1544 = CARTESIAN_POINT('',(16.4,3.1,-0.85));
#1545 = VECTOR('',#1546,1.);
#1546 = DIRECTION('',(1.,0.,-0.));
#1547 = PLANE('',#1548);
#1548 = AXIS2_PLACEMENT_3D('',#1549,#1550,#1551);
#1549 = CARTESIAN_POINT('',(16.4,-3.1,-0.85));
#1550 = DIRECTION('',(0.,0.,1.));
#1551 = DIRECTION('',(1.,0.,-0.));
#1552 = ADVANCED_FACE('',(#1553),#1569,.T.);
#1553 = FACE_BOUND('',#1554,.T.);
#1554 = EDGE_LOOP('',(#1555,#1556,#1562,#1563));
#1555 = ORIENTED_EDGE('',*,*,#438,.F.);
#1556 = ORIENTED_EDGE('',*,*,#1557,.F.);
#1557 = EDGE_CURVE('',#687,#439,#1558,.T.);
#1558 = LINE('',#1559,#1560);
#1559 = CARTESIAN_POINT('',(16.94,-3.1,-0.85));
#1560 = VECTOR('',#1561,1.);
#1561 = DIRECTION('',(-0.,1.,0.));
#1562 = ORIENTED_EDGE('',*,*,#686,.T.);
#1563 = ORIENTED_EDGE('',*,*,#1564,.T.);
#1564 = EDGE_CURVE('',#679,#431,#1565,.T.);
#1565 = LINE('',#1566,#1567);
#1566 = CARTESIAN_POINT('',(17.6,-3.1,-0.85));
#1567 = VECTOR('',#1568,1.);
#1568 = DIRECTION('',(-0.,1.,0.));
#1569 = PLANE('',#1570);
#1570 = AXIS2_PLACEMENT_3D('',#1571,#1572,#1573);
#1571 = CARTESIAN_POINT('',(-2.,-2.4,-0.85));
#1572 = DIRECTION('',(0.,0.,1.));
#1573 = DIRECTION('',(1.,0.,-0.));
#1574 = ADVANCED_FACE('',(#1575),#1600,.F.);
#1575 = FACE_BOUND('',#1576,.F.);
#1576 = EDGE_LOOP('',(#1577,#1585,#1586,#1594));
#1577 = ORIENTED_EDGE('',*,*,#1578,.F.);
#1578 = EDGE_CURVE('',#431,#1579,#1581,.T.);
#1579 = VERTEX_POINT('',#1580);
#1580 = CARTESIAN_POINT('',(17.6,3.1,-0.85));
#1581 = LINE('',#1582,#1583);
#1582 = CARTESIAN_POINT('',(17.6,-3.1,-0.85));
#1583 = VECTOR('',#1584,1.);
#1584 = DIRECTION('',(-0.,1.,0.));
#1585 = ORIENTED_EDGE('',*,*,#430,.T.);
#1586 = ORIENTED_EDGE('',*,*,#1587,.T.);
#1587 = EDGE_CURVE('',#423,#1588,#1590,.T.);
#1588 = VERTEX_POINT('',#1589);
#1589 = CARTESIAN_POINT('',(18.14,3.1,-0.85));
#1590 = LINE('',#1591,#1592);
#1591 = CARTESIAN_POINT('',(18.14,-3.1,-0.85));
#1592 = VECTOR('',#1593,1.);
#1593 = DIRECTION('',(-0.,1.,0.));
#1594 = ORIENTED_EDGE('',*,*,#1595,.F.);
#1595 = EDGE_CURVE('',#1579,#1588,#1596,.T.);
#1596 = LINE('',#1597,#1598);
#1597 = CARTESIAN_POINT('',(17.6,3.1,-0.85));
#1598 = VECTOR('',#1599,1.);
#1599 = DIRECTION('',(1.,0.,-0.));
#1600 = PLANE('',#1601);
#1601 = AXIS2_PLACEMENT_3D('',#1602,#1603,#1604);
#1602 = CARTESIAN_POINT('',(17.6,-3.1,-0.85));
#1603 = DIRECTION('',(0.,0.,1.));
#1604 = DIRECTION('',(1.,0.,-0.));
#1605 = ADVANCED_FACE('',(#1606),#1622,.T.);
#1606 = FACE_BOUND('',#1607,.T.);
#1607 = EDGE_LOOP('',(#1608,#1609,#1615,#1616));
#1608 = ORIENTED_EDGE('',*,*,#422,.F.);
#1609 = ORIENTED_EDGE('',*,*,#1610,.F.);
#1610 = EDGE_CURVE('',#671,#423,#1611,.T.);
#1611 = LINE('',#1612,#1613);
#1612 = CARTESIAN_POINT('',(18.14,-3.1,-0.85));
#1613 = VECTOR('',#1614,1.);
#1614 = DIRECTION('',(-0.,1.,0.));
#1615 = ORIENTED_EDGE('',*,*,#670,.T.);
#1616 = ORIENTED_EDGE('',*,*,#1617,.T.);
#1617 = EDGE_CURVE('',#663,#415,#1618,.T.);
#1618 = LINE('',#1619,#1620);
#1619 = CARTESIAN_POINT('',(18.8,-3.1,-0.85));
#1620 = VECTOR('',#1621,1.);
#1621 = DIRECTION('',(-0.,1.,0.));
#1622 = PLANE('',#1623);
#1623 = AXIS2_PLACEMENT_3D('',#1624,#1625,#1626);
#1624 = CARTESIAN_POINT('',(-2.,-2.4,-0.85));
#1625 = DIRECTION('',(0.,0.,1.));
#1626 = DIRECTION('',(1.,0.,-0.));
#1627 = ADVANCED_FACE('',(#1628),#1653,.F.);
#1628 = FACE_BOUND('',#1629,.F.);
#1629 = EDGE_LOOP('',(#1630,#1638,#1639,#1647));
#1630 = ORIENTED_EDGE('',*,*,#1631,.F.);
#1631 = EDGE_CURVE('',#415,#1632,#1634,.T.);
#1632 = VERTEX_POINT('',#1633);
#1633 = CARTESIAN_POINT('',(18.8,3.1,-0.85));
#1634 = LINE('',#1635,#1636);
#1635 = CARTESIAN_POINT('',(18.8,-3.1,-0.85));
#1636 = VECTOR('',#1637,1.);
#1637 = DIRECTION('',(-0.,1.,0.));
#1638 = ORIENTED_EDGE('',*,*,#414,.T.);
#1639 = ORIENTED_EDGE('',*,*,#1640,.T.);
#1640 = EDGE_CURVE('',#407,#1641,#1643,.T.);
#1641 = VERTEX_POINT('',#1642);
#1642 = CARTESIAN_POINT('',(19.34,3.1,-0.85));
#1643 = LINE('',#1644,#1645);
#1644 = CARTESIAN_POINT('',(19.34,-3.1,-0.85));
#1645 = VECTOR('',#1646,1.);
#1646 = DIRECTION('',(-0.,1.,0.));
#1647 = ORIENTED_EDGE('',*,*,#1648,.F.);
#1648 = EDGE_CURVE('',#1632,#1641,#1649,.T.);
#1649 = LINE('',#1650,#1651);
#1650 = CARTESIAN_POINT('',(18.8,3.1,-0.85));
#1651 = VECTOR('',#1652,1.);
#1652 = DIRECTION('',(1.,0.,-0.));
#1653 = PLANE('',#1654);
#1654 = AXIS2_PLACEMENT_3D('',#1655,#1656,#1657);
#1655 = CARTESIAN_POINT('',(18.8,-3.1,-0.85));
#1656 = DIRECTION('',(0.,0.,1.));
#1657 = DIRECTION('',(1.,0.,-0.));
#1658 = ADVANCED_FACE('',(#1659),#1675,.T.);
#1659 = FACE_BOUND('',#1660,.T.);
#1660 = EDGE_LOOP('',(#1661,#1662,#1668,#1669));
#1661 = ORIENTED_EDGE('',*,*,#406,.F.);
#1662 = ORIENTED_EDGE('',*,*,#1663,.F.);
#1663 = EDGE_CURVE('',#655,#407,#1664,.T.);
#1664 = LINE('',#1665,#1666);
#1665 = CARTESIAN_POINT('',(19.34,-3.1,-0.85));
#1666 = VECTOR('',#1667,1.);
#1667 = DIRECTION('',(-0.,1.,0.));
#1668 = ORIENTED_EDGE('',*,*,#654,.T.);
#1669 = ORIENTED_EDGE('',*,*,#1670,.T.);
#1670 = EDGE_CURVE('',#647,#399,#1671,.T.);
#1671 = LINE('',#1672,#1673);
#1672 = CARTESIAN_POINT('',(20.,-3.1,-0.85));
#1673 = VECTOR('',#1674,1.);
#1674 = DIRECTION('',(-0.,1.,0.));
#1675 = PLANE('',#1676);
#1676 = AXIS2_PLACEMENT_3D('',#1677,#1678,#1679);
#1677 = CARTESIAN_POINT('',(-2.,-2.4,-0.85));
#1678 = DIRECTION('',(0.,0.,1.));
#1679 = DIRECTION('',(1.,0.,-0.));
#1680 = ADVANCED_FACE('',(#1681),#1706,.F.);
#1681 = FACE_BOUND('',#1682,.F.);
#1682 = EDGE_LOOP('',(#1683,#1691,#1692,#1700));
#1683 = ORIENTED_EDGE('',*,*,#1684,.F.);
#1684 = EDGE_CURVE('',#399,#1685,#1687,.T.);
#1685 = VERTEX_POINT('',#1686);
#1686 = CARTESIAN_POINT('',(20.,3.1,-0.85));
#1687 = LINE('',#1688,#1689);
#1688 = CARTESIAN_POINT('',(20.,-3.1,-0.85));
#1689 = VECTOR('',#1690,1.);
#1690 = DIRECTION('',(-0.,1.,0.));
#1691 = ORIENTED_EDGE('',*,*,#398,.T.);
#1692 = ORIENTED_EDGE('',*,*,#1693,.T.);
#1693 = EDGE_CURVE('',#391,#1694,#1696,.T.);
#1694 = VERTEX_POINT('',#1695);
#1695 = CARTESIAN_POINT('',(20.54,3.1,-0.85));
#1696 = LINE('',#1697,#1698);
#1697 = CARTESIAN_POINT('',(20.54,-3.1,-0.85));
#1698 = VECTOR('',#1699,1.);
#1699 = DIRECTION('',(-0.,1.,0.));
#1700 = ORIENTED_EDGE('',*,*,#1701,.F.);
#1701 = EDGE_CURVE('',#1685,#1694,#1702,.T.);
#1702 = LINE('',#1703,#1704);
#1703 = CARTESIAN_POINT('',(20.,3.1,-0.85));
#1704 = VECTOR('',#1705,1.);
#1705 = DIRECTION('',(1.,0.,-0.));
#1706 = PLANE('',#1707);
#1707 = AXIS2_PLACEMENT_3D('',#1708,#1709,#1710);
#1708 = CARTESIAN_POINT('',(20.,-3.1,-0.85));
#1709 = DIRECTION('',(0.,0.,1.));
#1710 = DIRECTION('',(1.,0.,-0.));
#1711 = ADVANCED_FACE('',(#1712),#1728,.T.);
#1712 = FACE_BOUND('',#1713,.T.);
#1713 = EDGE_LOOP('',(#1714,#1715,#1721,#1722));
#1714 = ORIENTED_EDGE('',*,*,#390,.F.);
#1715 = ORIENTED_EDGE('',*,*,#1716,.F.);
#1716 = EDGE_CURVE('',#639,#391,#1717,.T.);
#1717 = LINE('',#1718,#1719);
#1718 = CARTESIAN_POINT('',(20.54,-3.1,-0.85));
#1719 = VECTOR('',#1720,1.);
#1720 = DIRECTION('',(-0.,1.,0.));
#1721 = ORIENTED_EDGE('',*,*,#638,.T.);
#1722 = ORIENTED_EDGE('',*,*,#1723,.T.);
#1723 = EDGE_CURVE('',#631,#383,#1724,.T.);
#1724 = LINE('',#1725,#1726);
#1725 = CARTESIAN_POINT('',(21.2,-3.1,-0.85));
#1726 = VECTOR('',#1727,1.);
#1727 = DIRECTION('',(-0.,1.,0.));
#1728 = PLANE('',#1729);
#1729 = AXIS2_PLACEMENT_3D('',#1730,#1731,#1732);
#1730 = CARTESIAN_POINT('',(-2.,-2.4,-0.85));
#1731 = DIRECTION('',(0.,0.,1.));
#1732 = DIRECTION('',(1.,0.,-0.));
#1733 = ADVANCED_FACE('',(#1734),#1759,.F.);
#1734 = FACE_BOUND('',#1735,.F.);
#1735 = EDGE_LOOP('',(#1736,#1744,#1745,#1753));
#1736 = ORIENTED_EDGE('',*,*,#1737,.F.);
#1737 = EDGE_CURVE('',#383,#1738,#1740,.T.);
#1738 = VERTEX_POINT('',#1739);
#1739 = CARTESIAN_POINT('',(21.2,2.95119115183,-0.85));
#1740 = LINE('',#1741,#1742);
#1741 = CARTESIAN_POINT('',(21.2,-3.1,-0.85));
#1742 = VECTOR('',#1743,1.);
#1743 = DIRECTION('',(-0.,1.,0.));
#1744 = ORIENTED_EDGE('',*,*,#382,.T.);
#1745 = ORIENTED_EDGE('',*,*,#1746,.T.);
#1746 = EDGE_CURVE('',#375,#1747,#1749,.T.);
#1747 = VERTEX_POINT('',#1748);
#1748 = CARTESIAN_POINT('',(21.74,2.95119115183,-0.85));
#1749 = LINE('',#1750,#1751);
#1750 = CARTESIAN_POINT('',(21.74,-3.1,-0.85));
#1751 = VECTOR('',#1752,1.);
#1752 = DIRECTION('',(-0.,1.,0.));
#1753 = ORIENTED_EDGE('',*,*,#1754,.F.);
#1754 = EDGE_CURVE('',#1738,#1747,#1755,.T.);
#1755 = LINE('',#1756,#1757);
#1756 = CARTESIAN_POINT('',(21.,2.95119115183,-0.85));
#1757 = VECTOR('',#1758,1.);
#1758 = DIRECTION('',(1.,0.,0.));
#1759 = PLANE('',#1760);
#1760 = AXIS2_PLACEMENT_3D('',#1761,#1762,#1763);
#1761 = CARTESIAN_POINT('',(21.2,-3.1,-0.85));
#1762 = DIRECTION('',(0.,0.,1.));
#1763 = DIRECTION('',(1.,0.,-0.));
#1764 = ADVANCED_FACE('',(#1765),#1781,.T.);
#1765 = FACE_BOUND('',#1766,.T.);
#1766 = EDGE_LOOP('',(#1767,#1768,#1774,#1775));
#1767 = ORIENTED_EDGE('',*,*,#374,.F.);
#1768 = ORIENTED_EDGE('',*,*,#1769,.F.);
#1769 = EDGE_CURVE('',#623,#375,#1770,.T.);
#1770 = LINE('',#1771,#1772);
#1771 = CARTESIAN_POINT('',(21.74,-3.1,-0.85));
#1772 = VECTOR('',#1773,1.);
#1773 = DIRECTION('',(-0.,1.,0.));
#1774 = ORIENTED_EDGE('',*,*,#622,.T.);
#1775 = ORIENTED_EDGE('',*,*,#1776,.T.);
#1776 = EDGE_CURVE('',#615,#367,#1777,.T.);
#1777 = LINE('',#1778,#1779);
#1778 = CARTESIAN_POINT('',(22.4,-3.1,-0.85));
#1779 = VECTOR('',#1780,1.);
#1780 = DIRECTION('',(-0.,1.,0.));
#1781 = PLANE('',#1782);
#1782 = AXIS2_PLACEMENT_3D('',#1783,#1784,#1785);
#1783 = CARTESIAN_POINT('',(-2.,-2.4,-0.85));
#1784 = DIRECTION('',(0.,0.,1.));
#1785 = DIRECTION('',(1.,0.,-0.));
#1786 = ADVANCED_FACE('',(#1787),#1812,.F.);
#1787 = FACE_BOUND('',#1788,.F.);
#1788 = EDGE_LOOP('',(#1789,#1797,#1798,#1806));
#1789 = ORIENTED_EDGE('',*,*,#1790,.F.);
#1790 = EDGE_CURVE('',#367,#1791,#1793,.T.);
#1791 = VERTEX_POINT('',#1792);
#1792 = CARTESIAN_POINT('',(22.4,2.95119115183,-0.85));
#1793 = LINE('',#1794,#1795);
#1794 = CARTESIAN_POINT('',(22.4,-3.1,-0.85));
#1795 = VECTOR('',#1796,1.);
#1796 = DIRECTION('',(-0.,1.,0.));
#1797 = ORIENTED_EDGE('',*,*,#366,.T.);
#1798 = ORIENTED_EDGE('',*,*,#1799,.T.);
#1799 = EDGE_CURVE('',#359,#1800,#1802,.T.);
#1800 = VERTEX_POINT('',#1801);
#1801 = CARTESIAN_POINT('',(22.94,2.95119115183,-0.85));
#1802 = LINE('',#1803,#1804);
#1803 = CARTESIAN_POINT('',(22.94,-3.1,-0.85));
#1804 = VECTOR('',#1805,1.);
#1805 = DIRECTION('',(-0.,1.,0.));
#1806 = ORIENTED_EDGE('',*,*,#1807,.F.);
#1807 = EDGE_CURVE('',#1791,#1800,#1808,.T.);
#1808 = LINE('',#1809,#1810);
#1809 = CARTESIAN_POINT('',(21.,2.95119115183,-0.85));
#1810 = VECTOR('',#1811,1.);
#1811 = DIRECTION('',(1.,0.,0.));
#1812 = PLANE('',#1813);
#1813 = AXIS2_PLACEMENT_3D('',#1814,#1815,#1816);
#1814 = CARTESIAN_POINT('',(22.4,-3.1,-0.85));
#1815 = DIRECTION('',(0.,0.,1.));
#1816 = DIRECTION('',(1.,0.,-0.));
#1817 = ADVANCED_FACE('',(#1818),#1829,.T.);
#1818 = FACE_BOUND('',#1819,.T.);
#1819 = EDGE_LOOP('',(#1820,#1821,#1827,#1828));
#1820 = ORIENTED_EDGE('',*,*,#358,.F.);
#1821 = ORIENTED_EDGE('',*,*,#1822,.F.);
#1822 = EDGE_CURVE('',#607,#359,#1823,.T.);
#1823 = LINE('',#1824,#1825);
#1824 = CARTESIAN_POINT('',(22.94,-3.1,-0.85));
#1825 = VECTOR('',#1826,1.);
#1826 = DIRECTION('',(-0.,1.,0.));
#1827 = ORIENTED_EDGE('',*,*,#606,.T.);
#1828 = ORIENTED_EDGE('',*,*,#879,.F.);
#1829 = PLANE('',#1830);
#1830 = AXIS2_PLACEMENT_3D('',#1831,#1832,#1833);
#1831 = CARTESIAN_POINT('',(-2.,-2.4,-0.85));
#1832 = DIRECTION('',(0.,0.,1.));
#1833 = DIRECTION('',(1.,0.,-0.));
#1834 = ADVANCED_FACE('',(#1835),#1876,.T.);
#1835 = FACE_BOUND('',#1836,.T.);
#1836 = EDGE_LOOP('',(#1837,#1845,#1846,#1854,#1862,#1870));
#1837 = ORIENTED_EDGE('',*,*,#1838,.F.);
#1838 = EDGE_CURVE('',#327,#1839,#1841,.T.);
#1839 = VERTEX_POINT('',#1840);
#1840 = CARTESIAN_POINT('',(7.5,4.1,0.85));
#1841 = LINE('',#1842,#1843);
#1842 = CARTESIAN_POINT('',(7.5,-4.1,0.85));
#1843 = VECTOR('',#1844,1.);
#1844 = DIRECTION('',(-0.,1.,0.));
#1845 = ORIENTED_EDGE('',*,*,#334,.T.);
#1846 = ORIENTED_EDGE('',*,*,#1847,.T.);
#1847 = EDGE_CURVE('',#335,#1848,#1850,.T.);
#1848 = VERTEX_POINT('',#1849);
#1849 = CARTESIAN_POINT('',(24.5,2.95119115183,0.85));
#1850 = LINE('',#1851,#1852);
#1851 = CARTESIAN_POINT('',(24.5,-4.1,0.85));
#1852 = VECTOR('',#1853,1.);
#1853 = DIRECTION('',(-0.,1.,0.));
#1854 = ORIENTED_EDGE('',*,*,#1855,.F.);
#1855 = EDGE_CURVE('',#1856,#1848,#1858,.T.);
#1856 = VERTEX_POINT('',#1857);
#1857 = CARTESIAN_POINT('',(21.,2.95119115183,0.85));
#1858 = LINE('',#1859,#1860);
#1859 = CARTESIAN_POINT('',(21.,2.95119115183,0.85));
#1860 = VECTOR('',#1861,1.);
#1861 = DIRECTION('',(1.,0.,0.));
#1862 = ORIENTED_EDGE('',*,*,#1863,.T.);
#1863 = EDGE_CURVE('',#1856,#1864,#1866,.T.);
#1864 = VERTEX_POINT('',#1865);
#1865 = CARTESIAN_POINT('',(21.,4.1,0.85));
#1866 = LINE('',#1867,#1868);
#1867 = CARTESIAN_POINT('',(21.,-5.E-02,0.85));
#1868 = VECTOR('',#1869,1.);
#1869 = DIRECTION('',(0.,1.,0.));
#1870 = ORIENTED_EDGE('',*,*,#1871,.F.);
#1871 = EDGE_CURVE('',#1839,#1864,#1872,.T.);
#1872 = LINE('',#1873,#1874);
#1873 = CARTESIAN_POINT('',(7.5,4.1,0.85));
#1874 = VECTOR('',#1875,1.);
#1875 = DIRECTION('',(1.,0.,-0.));
#1876 = PLANE('',#1877);
#1877 = AXIS2_PLACEMENT_3D('',#1878,#1879,#1880);
#1878 = CARTESIAN_POINT('',(7.5,-4.1,0.85));
#1879 = DIRECTION('',(0.,0.,1.));
#1880 = DIRECTION('',(1.,0.,-0.));
#1881 = ADVANCED_FACE('',(#1882),#1893,.F.);
#1882 = FACE_BOUND('',#1883,.F.);
#1883 = EDGE_LOOP('',(#1884,#1885,#1891,#1892));
#1884 = ORIENTED_EDGE('',*,*,#342,.F.);
#1885 = ORIENTED_EDGE('',*,*,#1886,.F.);
#1886 = EDGE_CURVE('',#583,#335,#1887,.T.);
#1887 = LINE('',#1888,#1889);
#1888 = CARTESIAN_POINT('',(24.5,-4.1,0.85));
#1889 = VECTOR('',#1890,1.);
#1890 = DIRECTION('',(-0.,1.,0.));
#1891 = ORIENTED_EDGE('',*,*,#590,.T.);
#1892 = ORIENTED_EDGE('',*,*,#886,.F.);
#1893 = PLANE('',#1894);
#1894 = AXIS2_PLACEMENT_3D('',#1895,#1896,#1897);
#1895 = CARTESIAN_POINT('',(-2.,-2.4,0.85));
#1896 = DIRECTION('',(0.,0.,1.));
#1897 = DIRECTION('',(1.,0.,-0.));
#1898 = ADVANCED_FACE('',(#1899),#1917,.F.);
#1899 = FACE_BOUND('',#1900,.F.);
#1900 = EDGE_LOOP('',(#1901,#1902,#1910,#1916));
#1901 = ORIENTED_EDGE('',*,*,#1147,.F.);
#1902 = ORIENTED_EDGE('',*,*,#1903,.T.);
#1903 = EDGE_CURVE('',#1117,#1904,#1906,.T.);
#1904 = VERTEX_POINT('',#1905);
#1905 = CARTESIAN_POINT('',(8.54,-3.1,-0.85));
#1906 = LINE('',#1907,#1908);
#1907 = CARTESIAN_POINT('',(8.,-3.1,-0.85));
#1908 = VECTOR('',#1909,1.);
#1909 = DIRECTION('',(1.,0.,-0.));
#1910 = ORIENTED_EDGE('',*,*,#1911,.T.);
#1911 = EDGE_CURVE('',#1904,#799,#1912,.T.);
#1912 = LINE('',#1913,#1914);
#1913 = CARTESIAN_POINT('',(8.54,-3.1,-0.85));
#1914 = VECTOR('',#1915,1.);
#1915 = DIRECTION('',(-0.,1.,0.));
#1916 = ORIENTED_EDGE('',*,*,#806,.F.);
#1917 = PLANE('',#1918);
#1918 = AXIS2_PLACEMENT_3D('',#1919,#1920,#1921);
#1919 = CARTESIAN_POINT('',(8.,-3.1,-0.85));
#1920 = DIRECTION('',(0.,0.,1.));
#1921 = DIRECTION('',(1.,0.,-0.));
#1922 = ADVANCED_FACE('',(#1923),#1948,.F.);
#1923 = FACE_BOUND('',#1924,.F.);
#1924 = EDGE_LOOP('',(#1925,#1933,#1941,#1947));
#1925 = ORIENTED_EDGE('',*,*,#1926,.F.);
#1926 = EDGE_CURVE('',#1927,#791,#1929,.T.);
#1927 = VERTEX_POINT('',#1928);
#1928 = CARTESIAN_POINT('',(9.2,-3.1,-0.85));
#1929 = LINE('',#1930,#1931);
#1930 = CARTESIAN_POINT('',(9.2,-3.1,-0.85));
#1931 = VECTOR('',#1932,1.);
#1932 = DIRECTION('',(-0.,1.,0.));
#1933 = ORIENTED_EDGE('',*,*,#1934,.T.);
#1934 = EDGE_CURVE('',#1927,#1935,#1937,.T.);
#1935 = VERTEX_POINT('',#1936);
#1936 = CARTESIAN_POINT('',(9.74,-3.1,-0.85));
#1937 = LINE('',#1938,#1939);
#1938 = CARTESIAN_POINT('',(9.2,-3.1,-0.85));
#1939 = VECTOR('',#1940,1.);
#1940 = DIRECTION('',(1.,0.,-0.));
#1941 = ORIENTED_EDGE('',*,*,#1942,.T.);
#1942 = EDGE_CURVE('',#1935,#783,#1943,.T.);
#1943 = LINE('',#1944,#1945);
#1944 = CARTESIAN_POINT('',(9.74,-3.1,-0.85));
#1945 = VECTOR('',#1946,1.);
#1946 = DIRECTION('',(-0.,1.,0.));
#1947 = ORIENTED_EDGE('',*,*,#790,.F.);
#1948 = PLANE('',#1949);
#1949 = AXIS2_PLACEMENT_3D('',#1950,#1951,#1952);
#1950 = CARTESIAN_POINT('',(9.2,-3.1,-0.85));
#1951 = DIRECTION('',(0.,0.,1.));
#1952 = DIRECTION('',(1.,0.,-0.));
#1953 = ADVANCED_FACE('',(#1954),#1979,.F.);
#1954 = FACE_BOUND('',#1955,.F.);
#1955 = EDGE_LOOP('',(#1956,#1964,#1972,#1978));
#1956 = ORIENTED_EDGE('',*,*,#1957,.F.);
#1957 = EDGE_CURVE('',#1958,#775,#1960,.T.);
#1958 = VERTEX_POINT('',#1959);
#1959 = CARTESIAN_POINT('',(10.4,-3.1,-0.85));
#1960 = LINE('',#1961,#1962);
#1961 = CARTESIAN_POINT('',(10.4,-3.1,-0.85));
#1962 = VECTOR('',#1963,1.);
#1963 = DIRECTION('',(-0.,1.,0.));
#1964 = ORIENTED_EDGE('',*,*,#1965,.T.);
#1965 = EDGE_CURVE('',#1958,#1966,#1968,.T.);
#1966 = VERTEX_POINT('',#1967);
#1967 = CARTESIAN_POINT('',(10.94,-3.1,-0.85));
#1968 = LINE('',#1969,#1970);
#1969 = CARTESIAN_POINT('',(10.4,-3.1,-0.85));
#1970 = VECTOR('',#1971,1.);
#1971 = DIRECTION('',(1.,0.,-0.));
#1972 = ORIENTED_EDGE('',*,*,#1973,.T.);
#1973 = EDGE_CURVE('',#1966,#767,#1974,.T.);
#1974 = LINE('',#1975,#1976);
#1975 = CARTESIAN_POINT('',(10.94,-3.1,-0.85));
#1976 = VECTOR('',#1977,1.);
#1977 = DIRECTION('',(-0.,1.,0.));
#1978 = ORIENTED_EDGE('',*,*,#774,.F.);
#1979 = PLANE('',#1980);
#1980 = AXIS2_PLACEMENT_3D('',#1981,#1982,#1983);
#1981 = CARTESIAN_POINT('',(10.4,-3.1,-0.85));
#1982 = DIRECTION('',(0.,0.,1.));
#1983 = DIRECTION('',(1.,0.,-0.));
#1984 = ADVANCED_FACE('',(#1985),#2010,.F.);
#1985 = FACE_BOUND('',#1986,.F.);
#1986 = EDGE_LOOP('',(#1987,#1995,#2003,#2009));
#1987 = ORIENTED_EDGE('',*,*,#1988,.F.);
#1988 = EDGE_CURVE('',#1989,#759,#1991,.T.);
#1989 = VERTEX_POINT('',#1990);
#1990 = CARTESIAN_POINT('',(11.6,-3.1,-0.85));
#1991 = LINE('',#1992,#1993);
#1992 = CARTESIAN_POINT('',(11.6,-3.1,-0.85));
#1993 = VECTOR('',#1994,1.);
#1994 = DIRECTION('',(-0.,1.,0.));
#1995 = ORIENTED_EDGE('',*,*,#1996,.T.);
#1996 = EDGE_CURVE('',#1989,#1997,#1999,.T.);
#1997 = VERTEX_POINT('',#1998);
#1998 = CARTESIAN_POINT('',(12.14,-3.1,-0.85));
#1999 = LINE('',#2000,#2001);
#2000 = CARTESIAN_POINT('',(11.6,-3.1,-0.85));
#2001 = VECTOR('',#2002,1.);
#2002 = DIRECTION('',(1.,0.,-0.));
#2003 = ORIENTED_EDGE('',*,*,#2004,.T.);
#2004 = EDGE_CURVE('',#1997,#751,#2005,.T.);
#2005 = LINE('',#2006,#2007);
#2006 = CARTESIAN_POINT('',(12.14,-3.1,-0.85));
#2007 = VECTOR('',#2008,1.);
#2008 = DIRECTION('',(-0.,1.,0.));
#2009 = ORIENTED_EDGE('',*,*,#758,.F.);
#2010 = PLANE('',#2011);
#2011 = AXIS2_PLACEMENT_3D('',#2012,#2013,#2014);
#2012 = CARTESIAN_POINT('',(11.6,-3.1,-0.85));
#2013 = DIRECTION('',(0.,0.,1.));
#2014 = DIRECTION('',(1.,0.,-0.));
#2015 = ADVANCED_FACE('',(#2016),#2041,.F.);
#2016 = FACE_BOUND('',#2017,.F.);
#2017 = EDGE_LOOP('',(#2018,#2026,#2034,#2040));
#2018 = ORIENTED_EDGE('',*,*,#2019,.F.);
#2019 = EDGE_CURVE('',#2020,#743,#2022,.T.);
#2020 = VERTEX_POINT('',#2021);
#2021 = CARTESIAN_POINT('',(12.8,-3.1,-0.85));
#2022 = LINE('',#2023,#2024);
#2023 = CARTESIAN_POINT('',(12.8,-3.1,-0.85));
#2024 = VECTOR('',#2025,1.);
#2025 = DIRECTION('',(-0.,1.,0.));
#2026 = ORIENTED_EDGE('',*,*,#2027,.T.);
#2027 = EDGE_CURVE('',#2020,#2028,#2030,.T.);
#2028 = VERTEX_POINT('',#2029);
#2029 = CARTESIAN_POINT('',(13.34,-3.1,-0.85));
#2030 = LINE('',#2031,#2032);
#2031 = CARTESIAN_POINT('',(12.8,-3.1,-0.85));
#2032 = VECTOR('',#2033,1.);
#2033 = DIRECTION('',(1.,0.,-0.));
#2034 = ORIENTED_EDGE('',*,*,#2035,.T.);
#2035 = EDGE_CURVE('',#2028,#735,#2036,.T.);
#2036 = LINE('',#2037,#2038);
#2037 = CARTESIAN_POINT('',(13.34,-3.1,-0.85));
#2038 = VECTOR('',#2039,1.);
#2039 = DIRECTION('',(-0.,1.,0.));
#2040 = ORIENTED_EDGE('',*,*,#742,.F.);
#2041 = PLANE('',#2042);
#2042 = AXIS2_PLACEMENT_3D('',#2043,#2044,#2045);
#2043 = CARTESIAN_POINT('',(12.8,-3.1,-0.85));
#2044 = DIRECTION('',(0.,0.,1.));
#2045 = DIRECTION('',(1.,0.,-0.));
#2046 = ADVANCED_FACE('',(#2047),#2072,.F.);
#2047 = FACE_BOUND('',#2048,.F.);
#2048 = EDGE_LOOP('',(#2049,#2057,#2065,#2071));
#2049 = ORIENTED_EDGE('',*,*,#2050,.F.);
#2050 = EDGE_CURVE('',#2051,#727,#2053,.T.);
#2051 = VERTEX_POINT('',#2052);
#2052 = CARTESIAN_POINT('',(14.,-3.1,-0.85));
#2053 = LINE('',#2054,#2055);
#2054 = CARTESIAN_POINT('',(14.,-3.1,-0.85));
#2055 = VECTOR('',#2056,1.);
#2056 = DIRECTION('',(-0.,1.,0.));
#2057 = ORIENTED_EDGE('',*,*,#2058,.T.);
#2058 = EDGE_CURVE('',#2051,#2059,#2061,.T.);
#2059 = VERTEX_POINT('',#2060);
#2060 = CARTESIAN_POINT('',(14.54,-3.1,-0.85));
#2061 = LINE('',#2062,#2063);
#2062 = CARTESIAN_POINT('',(14.,-3.1,-0.85));
#2063 = VECTOR('',#2064,1.);
#2064 = DIRECTION('',(1.,0.,-0.));
#2065 = ORIENTED_EDGE('',*,*,#2066,.T.);
#2066 = EDGE_CURVE('',#2059,#719,#2067,.T.);
#2067 = LINE('',#2068,#2069);
#2068 = CARTESIAN_POINT('',(14.54,-3.1,-0.85));
#2069 = VECTOR('',#2070,1.);
#2070 = DIRECTION('',(-0.,1.,0.));
#2071 = ORIENTED_EDGE('',*,*,#726,.F.);
#2072 = PLANE('',#2073);
#2073 = AXIS2_PLACEMENT_3D('',#2074,#2075,#2076);
#2074 = CARTESIAN_POINT('',(14.,-3.1,-0.85));
#2075 = DIRECTION('',(0.,0.,1.));
#2076 = DIRECTION('',(1.,0.,-0.));
#2077 = ADVANCED_FACE('',(#2078),#2103,.F.);
#2078 = FACE_BOUND('',#2079,.F.);
#2079 = EDGE_LOOP('',(#2080,#2088,#2096,#2102));
#2080 = ORIENTED_EDGE('',*,*,#2081,.F.);
#2081 = EDGE_CURVE('',#2082,#711,#2084,.T.);
#2082 = VERTEX_POINT('',#2083);
#2083 = CARTESIAN_POINT('',(15.2,-3.1,-0.85));
#2084 = LINE('',#2085,#2086);
#2085 = CARTESIAN_POINT('',(15.2,-3.1,-0.85));
#2086 = VECTOR('',#2087,1.);
#2087 = DIRECTION('',(-0.,1.,0.));
#2088 = ORIENTED_EDGE('',*,*,#2089,.T.);
#2089 = EDGE_CURVE('',#2082,#2090,#2092,.T.);
#2090 = VERTEX_POINT('',#2091);
#2091 = CARTESIAN_POINT('',(15.74,-3.1,-0.85));
#2092 = LINE('',#2093,#2094);
#2093 = CARTESIAN_POINT('',(15.2,-3.1,-0.85));
#2094 = VECTOR('',#2095,1.);
#2095 = DIRECTION('',(1.,0.,-0.));
#2096 = ORIENTED_EDGE('',*,*,#2097,.T.);
#2097 = EDGE_CURVE('',#2090,#703,#2098,.T.);
#2098 = LINE('',#2099,#2100);
#2099 = CARTESIAN_POINT('',(15.74,-3.1,-0.85));
#2100 = VECTOR('',#2101,1.);
#2101 = DIRECTION('',(-0.,1.,0.));
#2102 = ORIENTED_EDGE('',*,*,#710,.F.);
#2103 = PLANE('',#2104);
#2104 = AXIS2_PLACEMENT_3D('',#2105,#2106,#2107);
#2105 = CARTESIAN_POINT('',(15.2,-3.1,-0.85));
#2106 = DIRECTION('',(0.,0.,1.));
#2107 = DIRECTION('',(1.,0.,-0.));
#2108 = ADVANCED_FACE('',(#2109),#2134,.F.);
#2109 = FACE_BOUND('',#2110,.F.);
#2110 = EDGE_LOOP('',(#2111,#2119,#2127,#2133));
#2111 = ORIENTED_EDGE('',*,*,#2112,.F.);
#2112 = EDGE_CURVE('',#2113,#695,#2115,.T.);
#2113 = VERTEX_POINT('',#2114);
#2114 = CARTESIAN_POINT('',(16.4,-3.1,-0.85));
#2115 = LINE('',#2116,#2117);
#2116 = CARTESIAN_POINT('',(16.4,-3.1,-0.85));
#2117 = VECTOR('',#2118,1.);
#2118 = DIRECTION('',(-0.,1.,0.));
#2119 = ORIENTED_EDGE('',*,*,#2120,.T.);
#2120 = EDGE_CURVE('',#2113,#2121,#2123,.T.);
#2121 = VERTEX_POINT('',#2122);
#2122 = CARTESIAN_POINT('',(16.94,-3.1,-0.85));
#2123 = LINE('',#2124,#2125);
#2124 = CARTESIAN_POINT('',(16.4,-3.1,-0.85));
#2125 = VECTOR('',#2126,1.);
#2126 = DIRECTION('',(1.,0.,-0.));
#2127 = ORIENTED_EDGE('',*,*,#2128,.T.);
#2128 = EDGE_CURVE('',#2121,#687,#2129,.T.);
#2129 = LINE('',#2130,#2131);
#2130 = CARTESIAN_POINT('',(16.94,-3.1,-0.85));
#2131 = VECTOR('',#2132,1.);
#2132 = DIRECTION('',(-0.,1.,0.));
#2133 = ORIENTED_EDGE('',*,*,#694,.F.);
#2134 = PLANE('',#2135);
#2135 = AXIS2_PLACEMENT_3D('',#2136,#2137,#2138);
#2136 = CARTESIAN_POINT('',(16.4,-3.1,-0.85));
#2137 = DIRECTION('',(0.,0.,1.));
#2138 = DIRECTION('',(1.,0.,-0.));
#2139 = ADVANCED_FACE('',(#2140),#2165,.F.);
#2140 = FACE_BOUND('',#2141,.F.);
#2141 = EDGE_LOOP('',(#2142,#2150,#2158,#2164));
#2142 = ORIENTED_EDGE('',*,*,#2143,.F.);
#2143 = EDGE_CURVE('',#2144,#679,#2146,.T.);
#2144 = VERTEX_POINT('',#2145);
#2145 = CARTESIAN_POINT('',(17.6,-3.1,-0.85));
#2146 = LINE('',#2147,#2148);
#2147 = CARTESIAN_POINT('',(17.6,-3.1,-0.85));
#2148 = VECTOR('',#2149,1.);
#2149 = DIRECTION('',(-0.,1.,0.));
#2150 = ORIENTED_EDGE('',*,*,#2151,.T.);
#2151 = EDGE_CURVE('',#2144,#2152,#2154,.T.);
#2152 = VERTEX_POINT('',#2153);
#2153 = CARTESIAN_POINT('',(18.14,-3.1,-0.85));
#2154 = LINE('',#2155,#2156);
#2155 = CARTESIAN_POINT('',(17.6,-3.1,-0.85));
#2156 = VECTOR('',#2157,1.);
#2157 = DIRECTION('',(1.,0.,-0.));
#2158 = ORIENTED_EDGE('',*,*,#2159,.T.);
#2159 = EDGE_CURVE('',#2152,#671,#2160,.T.);
#2160 = LINE('',#2161,#2162);
#2161 = CARTESIAN_POINT('',(18.14,-3.1,-0.85));
#2162 = VECTOR('',#2163,1.);
#2163 = DIRECTION('',(-0.,1.,0.));
#2164 = ORIENTED_EDGE('',*,*,#678,.F.);
#2165 = PLANE('',#2166);
#2166 = AXIS2_PLACEMENT_3D('',#2167,#2168,#2169);
#2167 = CARTESIAN_POINT('',(17.6,-3.1,-0.85));
#2168 = DIRECTION('',(0.,0.,1.));
#2169 = DIRECTION('',(1.,0.,-0.));
#2170 = ADVANCED_FACE('',(#2171),#2196,.F.);
#2171 = FACE_BOUND('',#2172,.F.);
#2172 = EDGE_LOOP('',(#2173,#2181,#2189,#2195));
#2173 = ORIENTED_EDGE('',*,*,#2174,.F.);
#2174 = EDGE_CURVE('',#2175,#663,#2177,.T.);
#2175 = VERTEX_POINT('',#2176);
#2176 = CARTESIAN_POINT('',(18.8,-3.1,-0.85));
#2177 = LINE('',#2178,#2179);
#2178 = CARTESIAN_POINT('',(18.8,-3.1,-0.85));
#2179 = VECTOR('',#2180,1.);
#2180 = DIRECTION('',(-0.,1.,0.));
#2181 = ORIENTED_EDGE('',*,*,#2182,.T.);
#2182 = EDGE_CURVE('',#2175,#2183,#2185,.T.);
#2183 = VERTEX_POINT('',#2184);
#2184 = CARTESIAN_POINT('',(19.34,-3.1,-0.85));
#2185 = LINE('',#2186,#2187);
#2186 = CARTESIAN_POINT('',(18.8,-3.1,-0.85));
#2187 = VECTOR('',#2188,1.);
#2188 = DIRECTION('',(1.,0.,-0.));
#2189 = ORIENTED_EDGE('',*,*,#2190,.T.);
#2190 = EDGE_CURVE('',#2183,#655,#2191,.T.);
#2191 = LINE('',#2192,#2193);
#2192 = CARTESIAN_POINT('',(19.34,-3.1,-0.85));
#2193 = VECTOR('',#2194,1.);
#2194 = DIRECTION('',(-0.,1.,0.));
#2195 = ORIENTED_EDGE('',*,*,#662,.F.);
#2196 = PLANE('',#2197);
#2197 = AXIS2_PLACEMENT_3D('',#2198,#2199,#2200);
#2198 = CARTESIAN_POINT('',(18.8,-3.1,-0.85));
#2199 = DIRECTION('',(0.,0.,1.));
#2200 = DIRECTION('',(1.,0.,-0.));
#2201 = ADVANCED_FACE('',(#2202),#2227,.F.);
#2202 = FACE_BOUND('',#2203,.F.);
#2203 = EDGE_LOOP('',(#2204,#2212,#2220,#2226));
#2204 = ORIENTED_EDGE('',*,*,#2205,.F.);
#2205 = EDGE_CURVE('',#2206,#647,#2208,.T.);
#2206 = VERTEX_POINT('',#2207);
#2207 = CARTESIAN_POINT('',(20.,-3.1,-0.85));
#2208 = LINE('',#2209,#2210);
#2209 = CARTESIAN_POINT('',(20.,-3.1,-0.85));
#2210 = VECTOR('',#2211,1.);
#2211 = DIRECTION('',(-0.,1.,0.));
#2212 = ORIENTED_EDGE('',*,*,#2213,.T.);
#2213 = EDGE_CURVE('',#2206,#2214,#2216,.T.);
#2214 = VERTEX_POINT('',#2215);
#2215 = CARTESIAN_POINT('',(20.54,-3.1,-0.85));
#2216 = LINE('',#2217,#2218);
#2217 = CARTESIAN_POINT('',(20.,-3.1,-0.85));
#2218 = VECTOR('',#2219,1.);
#2219 = DIRECTION('',(1.,0.,-0.));
#2220 = ORIENTED_EDGE('',*,*,#2221,.T.);
#2221 = EDGE_CURVE('',#2214,#639,#2222,.T.);
#2222 = LINE('',#2223,#2224);
#2223 = CARTESIAN_POINT('',(20.54,-3.1,-0.85));
#2224 = VECTOR('',#2225,1.);
#2225 = DIRECTION('',(-0.,1.,0.));
#2226 = ORIENTED_EDGE('',*,*,#646,.F.);
#2227 = PLANE('',#2228);
#2228 = AXIS2_PLACEMENT_3D('',#2229,#2230,#2231);
#2229 = CARTESIAN_POINT('',(20.,-3.1,-0.85));
#2230 = DIRECTION('',(0.,0.,1.));
#2231 = DIRECTION('',(1.,0.,-0.));
#2232 = ADVANCED_FACE('',(#2233),#2258,.F.);
#2233 = FACE_BOUND('',#2234,.F.);
#2234 = EDGE_LOOP('',(#2235,#2243,#2251,#2257));
#2235 = ORIENTED_EDGE('',*,*,#2236,.F.);
#2236 = EDGE_CURVE('',#2237,#631,#2239,.T.);
#2237 = VERTEX_POINT('',#2238);
#2238 = CARTESIAN_POINT('',(21.2,-2.95119115183,-0.85));
#2239 = LINE('',#2240,#2241);
#2240 = CARTESIAN_POINT('',(21.2,-3.1,-0.85));
#2241 = VECTOR('',#2242,1.);
#2242 = DIRECTION('',(-0.,1.,0.));
#2243 = ORIENTED_EDGE('',*,*,#2244,.T.);
#2244 = EDGE_CURVE('',#2237,#2245,#2247,.T.);
#2245 = VERTEX_POINT('',#2246);
#2246 = CARTESIAN_POINT('',(21.74,-2.95119115183,-0.85));
#2247 = LINE('',#2248,#2249);
#2248 = CARTESIAN_POINT('',(21.,-2.95119115183,-0.85));
#2249 = VECTOR('',#2250,1.);
#2250 = DIRECTION('',(1.,0.,0.));
#2251 = ORIENTED_EDGE('',*,*,#2252,.T.);
#2252 = EDGE_CURVE('',#2245,#623,#2253,.T.);
#2253 = LINE('',#2254,#2255);
#2254 = CARTESIAN_POINT('',(21.74,-3.1,-0.85));
#2255 = VECTOR('',#2256,1.);
#2256 = DIRECTION('',(-0.,1.,0.));
#2257 = ORIENTED_EDGE('',*,*,#630,.F.);
#2258 = PLANE('',#2259);
#2259 = AXIS2_PLACEMENT_3D('',#2260,#2261,#2262);
#2260 = CARTESIAN_POINT('',(21.2,-3.1,-0.85));
#2261 = DIRECTION('',(0.,0.,1.));
#2262 = DIRECTION('',(1.,0.,-0.));
#2263 = ADVANCED_FACE('',(#2264),#2289,.F.);
#2264 = FACE_BOUND('',#2265,.F.);
#2265 = EDGE_LOOP('',(#2266,#2274,#2282,#2288));
#2266 = ORIENTED_EDGE('',*,*,#2267,.F.);
#2267 = EDGE_CURVE('',#2268,#615,#2270,.T.);
#2268 = VERTEX_POINT('',#2269);
#2269 = CARTESIAN_POINT('',(22.4,-2.95119115183,-0.85));
#2270 = LINE('',#2271,#2272);
#2271 = CARTESIAN_POINT('',(22.4,-3.1,-0.85));
#2272 = VECTOR('',#2273,1.);
#2273 = DIRECTION('',(-0.,1.,0.));
#2274 = ORIENTED_EDGE('',*,*,#2275,.T.);
#2275 = EDGE_CURVE('',#2268,#2276,#2278,.T.);
#2276 = VERTEX_POINT('',#2277);
#2277 = CARTESIAN_POINT('',(22.94,-2.95119115183,-0.85));
#2278 = LINE('',#2279,#2280);
#2279 = CARTESIAN_POINT('',(21.,-2.95119115183,-0.85));
#2280 = VECTOR('',#2281,1.);
#2281 = DIRECTION('',(1.,0.,0.));
#2282 = ORIENTED_EDGE('',*,*,#2283,.T.);
#2283 = EDGE_CURVE('',#2276,#607,#2284,.T.);
#2284 = LINE('',#2285,#2286);
#2285 = CARTESIAN_POINT('',(22.94,-3.1,-0.85));
#2286 = VECTOR('',#2287,1.);
#2287 = DIRECTION('',(-0.,1.,0.));
#2288 = ORIENTED_EDGE('',*,*,#614,.F.);
#2289 = PLANE('',#2290);
#2290 = AXIS2_PLACEMENT_3D('',#2291,#2292,#2293);
#2291 = CARTESIAN_POINT('',(22.4,-3.1,-0.85));
#2292 = DIRECTION('',(0.,0.,1.));
#2293 = DIRECTION('',(1.,0.,-0.));
#2294 = ADVANCED_FACE('',(#2295),#2336,.T.);
#2295 = FACE_BOUND('',#2296,.T.);
#2296 = EDGE_LOOP('',(#2297,#2305,#2313,#2321,#2329,#2335));
#2297 = ORIENTED_EDGE('',*,*,#2298,.F.);
#2298 = EDGE_CURVE('',#2299,#575,#2301,.T.);
#2299 = VERTEX_POINT('',#2300);
#2300 = CARTESIAN_POINT('',(7.5,-4.1,0.85));
#2301 = LINE('',#2302,#2303);
#2302 = CARTESIAN_POINT('',(7.5,-4.1,0.85));
#2303 = VECTOR('',#2304,1.);
#2304 = DIRECTION('',(-0.,1.,0.));
#2305 = ORIENTED_EDGE('',*,*,#2306,.T.);
#2306 = EDGE_CURVE('',#2299,#2307,#2309,.T.);
#2307 = VERTEX_POINT('',#2308);
#2308 = CARTESIAN_POINT('',(21.,-4.1,0.85));
#2309 = LINE('',#2310,#2311);
#2310 = CARTESIAN_POINT('',(7.5,-4.1,0.85));
#2311 = VECTOR('',#2312,1.);
#2312 = DIRECTION('',(1.,0.,-0.));
#2313 = ORIENTED_EDGE('',*,*,#2314,.T.);
#2314 = EDGE_CURVE('',#2307,#2315,#2317,.T.);
#2315 = VERTEX_POINT('',#2316);
#2316 = CARTESIAN_POINT('',(21.,-2.95119115183,0.85));
#2317 = LINE('',#2318,#2319);
#2318 = CARTESIAN_POINT('',(21.,-4.05,0.85));
#2319 = VECTOR('',#2320,1.);
#2320 = DIRECTION('',(0.,1.,0.));
#2321 = ORIENTED_EDGE('',*,*,#2322,.T.);
#2322 = EDGE_CURVE('',#2315,#2323,#2325,.T.);
#2323 = VERTEX_POINT('',#2324);
#2324 = CARTESIAN_POINT('',(24.5,-2.95119115183,0.85));
#2325 = LINE('',#2326,#2327);
#2326 = CARTESIAN_POINT('',(21.,-2.95119115183,0.85));
#2327 = VECTOR('',#2328,1.);
#2328 = DIRECTION('',(1.,0.,0.));
#2329 = ORIENTED_EDGE('',*,*,#2330,.T.);
#2330 = EDGE_CURVE('',#2323,#583,#2331,.T.);
#2331 = LINE('',#2332,#2333);
#2332 = CARTESIAN_POINT('',(24.5,-4.1,0.85));
#2333 = VECTOR('',#2334,1.);
#2334 = DIRECTION('',(-0.,1.,0.));
#2335 = ORIENTED_EDGE('',*,*,#582,.F.);
#2336 = PLANE('',#2337);
#2337 = AXIS2_PLACEMENT_3D('',#2338,#2339,#2340);
#2338 = CARTESIAN_POINT('',(7.5,-4.1,0.85));
#2339 = DIRECTION('',(0.,0.,1.));
#2340 = DIRECTION('',(1.,0.,-0.));
#2341 = ADVANCED_FACE('',(#2342),#2369,.T.);
#2342 = FACE_BOUND('',#2343,.T.);
#2343 = EDGE_LOOP('',(#2344,#2352,#2353,#2354,#2355,#2363));
#2344 = ORIENTED_EDGE('',*,*,#2345,.F.);
#2345 = EDGE_CURVE('',#2299,#2346,#2348,.T.);
#2346 = VERTEX_POINT('',#2347);
#2347 = CARTESIAN_POINT('',(7.5,-4.1,13.85));
#2348 = LINE('',#2349,#2350);
#2349 = CARTESIAN_POINT('',(7.5,-4.1,0.85));
#2350 = VECTOR('',#2351,1.);
#2351 = DIRECTION('',(0.,0.,1.));
#2352 = ORIENTED_EDGE('',*,*,#2298,.T.);
#2353 = ORIENTED_EDGE('',*,*,#823,.T.);
#2354 = ORIENTED_EDGE('',*,*,#1838,.T.);
#2355 = ORIENTED_EDGE('',*,*,#2356,.T.);
#2356 = EDGE_CURVE('',#1839,#2357,#2359,.T.);
#2357 = VERTEX_POINT('',#2358);
#2358 = CARTESIAN_POINT('',(7.5,4.1,13.85));
#2359 = LINE('',#2360,#2361);
#2360 = CARTESIAN_POINT('',(7.5,4.1,0.85));
#2361 = VECTOR('',#2362,1.);
#2362 = DIRECTION('',(0.,0.,1.));
#2363 = ORIENTED_EDGE('',*,*,#2364,.F.);
#2364 = EDGE_CURVE('',#2346,#2357,#2365,.T.);
#2365 = LINE('',#2366,#2367);
#2366 = CARTESIAN_POINT('',(7.5,-4.1,13.85));
#2367 = VECTOR('',#2368,1.);
#2368 = DIRECTION('',(-0.,1.,0.));
#2369 = PLANE('',#2370);
#2370 = AXIS2_PLACEMENT_3D('',#2371,#2372,#2373);
#2371 = CARTESIAN_POINT('',(7.5,-4.1,0.85));
#2372 = DIRECTION('',(1.,0.,-0.));
#2373 = DIRECTION('',(0.,0.,1.));
#2374 = ADVANCED_FACE('',(#2375),#2378,.F.);
#2375 = FACE_BOUND('',#2376,.F.);
#2376 = EDGE_LOOP('',(#2377));
#2377 = ORIENTED_EDGE('',*,*,#845,.T.);
#2378 = PLANE('',#2379);
#2379 = AXIS2_PLACEMENT_3D('',#2380,#2381,#2382);
#2380 = CARTESIAN_POINT('',(13.,-11.,0.));
#2381 = DIRECTION('',(1.,0.,0.));
#2382 = DIRECTION('',(-0.,0.,1.));
#2383 = ADVANCED_FACE('',(#2384,#2428,#2455),#2482,.F.);
#2384 = FACE_BOUND('',#2385,.F.);
#2385 = EDGE_LOOP('',(#2386,#2387,#2395,#2402,#2403,#2412,#2420,#2427));
#2386 = ORIENTED_EDGE('',*,*,#868,.F.);
#2387 = ORIENTED_EDGE('',*,*,#2388,.F.);
#2388 = EDGE_CURVE('',#2389,#869,#2391,.T.);
#2389 = VERTEX_POINT('',#2390);
#2390 = CARTESIAN_POINT('',(24.5,4.,1.35));
#2391 = LINE('',#2392,#2393);
#2392 = CARTESIAN_POINT('',(21.,4.,1.35));
#2393 = VECTOR('',#2394,1.);
#2394 = DIRECTION('',(1.,0.,0.));
#2395 = ORIENTED_EDGE('',*,*,#2396,.T.);
#2396 = EDGE_CURVE('',#2389,#1848,#2397,.T.);
#2397 = CIRCLE('',#2398,1.35);
#2398 = AXIS2_PLACEMENT_3D('',#2399,#2400,#2401);
#2399 = CARTESIAN_POINT('',(24.5,4.,0.));
#2400 = DIRECTION('',(1.,0.,0.));
#2401 = DIRECTION('',(-0.,0.,1.));
#2402 = ORIENTED_EDGE('',*,*,#1855,.F.);
#2403 = ORIENTED_EDGE('',*,*,#2404,.T.);
#2404 = EDGE_CURVE('',#1856,#2405,#2407,.T.);
#2405 = VERTEX_POINT('',#2406);
#2406 = CARTESIAN_POINT('',(21.,4.1,1.346291201784));
#2407 = CIRCLE('',#2408,1.35);
#2408 = AXIS2_PLACEMENT_3D('',#2409,#2410,#2411);
#2409 = CARTESIAN_POINT('',(21.,4.,0.));
#2410 = DIRECTION('',(1.,0.,0.));
#2411 = DIRECTION('',(-0.,0.,1.));
#2412 = ORIENTED_EDGE('',*,*,#2413,.T.);
#2413 = EDGE_CURVE('',#2405,#2414,#2416,.T.);
#2414 = VERTEX_POINT('',#2415);
#2415 = CARTESIAN_POINT('',(24.5,4.1,1.346291201784));
#2416 = LINE('',#2417,#2418);
#2417 = CARTESIAN_POINT('',(21.,4.1,1.346291201784));
#2418 = VECTOR('',#2419,1.);
#2419 = DIRECTION('',(1.,0.,0.));
#2420 = ORIENTED_EDGE('',*,*,#2421,.T.);
#2421 = EDGE_CURVE('',#2414,#2389,#2422,.T.);
#2422 = CIRCLE('',#2423,1.35);
#2423 = AXIS2_PLACEMENT_3D('',#2424,#2425,#2426);
#2424 = CARTESIAN_POINT('',(24.5,4.,0.));
#2425 = DIRECTION('',(1.,0.,0.));
#2426 = DIRECTION('',(-0.,0.,1.));
#2427 = ORIENTED_EDGE('',*,*,#2388,.T.);
#2428 = FACE_BOUND('',#2429,.F.);
#2429 = EDGE_LOOP('',(#2430,#2439,#2440,#2449));
#2430 = ORIENTED_EDGE('',*,*,#2431,.F.);
#2431 = EDGE_CURVE('',#1738,#2432,#2434,.T.);
#2432 = VERTEX_POINT('',#2433);
#2433 = CARTESIAN_POINT('',(21.2,3.1,-1.006230589875));
#2434 = CIRCLE('',#2435,1.35);
#2435 = AXIS2_PLACEMENT_3D('',#2436,#2437,#2438);
#2436 = CARTESIAN_POINT('',(21.2,4.,0.));
#2437 = DIRECTION('',(1.,0.,0.));
#2438 = DIRECTION('',(-0.,0.,1.));
#2439 = ORIENTED_EDGE('',*,*,#1754,.T.);
#2440 = ORIENTED_EDGE('',*,*,#2441,.T.);
#2441 = EDGE_CURVE('',#1747,#2442,#2444,.T.);
#2442 = VERTEX_POINT('',#2443);
#2443 = CARTESIAN_POINT('',(21.74,3.1,-1.006230589875));
#2444 = CIRCLE('',#2445,1.35);
#2445 = AXIS2_PLACEMENT_3D('',#2446,#2447,#2448);
#2446 = CARTESIAN_POINT('',(21.74,4.,0.));
#2447 = DIRECTION('',(1.,0.,0.));
#2448 = DIRECTION('',(-0.,0.,1.));
#2449 = ORIENTED_EDGE('',*,*,#2450,.F.);
#2450 = EDGE_CURVE('',#2432,#2442,#2451,.T.);
#2451 = LINE('',#2452,#2453);
#2452 = CARTESIAN_POINT('',(21.,3.1,-1.006230589875));
#2453 = VECTOR('',#2454,1.);
#2454 = DIRECTION('',(1.,0.,0.));
#2455 = FACE_BOUND('',#2456,.F.);
#2456 = EDGE_LOOP('',(#2457,#2466,#2467,#2476));
#2457 = ORIENTED_EDGE('',*,*,#2458,.F.);
#2458 = EDGE_CURVE('',#1791,#2459,#2461,.T.);
#2459 = VERTEX_POINT('',#2460);
#2460 = CARTESIAN_POINT('',(22.4,3.1,-1.006230589875));
#2461 = CIRCLE('',#2462,1.35);
#2462 = AXIS2_PLACEMENT_3D('',#2463,#2464,#2465);
#2463 = CARTESIAN_POINT('',(22.4,4.,0.));
#2464 = DIRECTION('',(1.,0.,0.));
#2465 = DIRECTION('',(-0.,0.,1.));
#2466 = ORIENTED_EDGE('',*,*,#1807,.T.);
#2467 = ORIENTED_EDGE('',*,*,#2468,.T.);
#2468 = EDGE_CURVE('',#1800,#2469,#2471,.T.);
#2469 = VERTEX_POINT('',#2470);
#2470 = CARTESIAN_POINT('',(22.94,3.1,-1.006230589875));
#2471 = CIRCLE('',#2472,1.35);
#2472 = AXIS2_PLACEMENT_3D('',#2473,#2474,#2475);
#2473 = CARTESIAN_POINT('',(22.94,4.,0.));
#2474 = DIRECTION('',(1.,0.,0.));
#2475 = DIRECTION('',(-0.,0.,1.));
#2476 = ORIENTED_EDGE('',*,*,#2477,.F.);
#2477 = EDGE_CURVE('',#2459,#2469,#2478,.T.);
#2478 = LINE('',#2479,#2480);
#2479 = CARTESIAN_POINT('',(21.,3.1,-1.006230589875));
#2480 = VECTOR('',#2481,1.);
#2481 = DIRECTION('',(1.,0.,0.));
#2482 = CYLINDRICAL_SURFACE('',#2483,1.35);
#2483 = AXIS2_PLACEMENT_3D('',#2484,#2485,#2486);
#2484 = CARTESIAN_POINT('',(21.,4.,0.));
#2485 = DIRECTION('',(1.,0.,0.));
#2486 = DIRECTION('',(-0.,0.,1.));
#2487 = ADVANCED_FACE('',(#2488,#2532,#2559),#2586,.F.);
#2488 = FACE_BOUND('',#2489,.F.);
#2489 = EDGE_LOOP('',(#2490,#2491,#2499,#2508,#2516,#2523,#2524,#2531));
#2490 = ORIENTED_EDGE('',*,*,#895,.F.);
#2491 = ORIENTED_EDGE('',*,*,#2492,.F.);
#2492 = EDGE_CURVE('',#2493,#896,#2495,.T.);
#2493 = VERTEX_POINT('',#2494);
#2494 = CARTESIAN_POINT('',(24.5,-4.,1.35));
#2495 = LINE('',#2496,#2497);
#2496 = CARTESIAN_POINT('',(21.,-4.,1.35));
#2497 = VECTOR('',#2498,1.);
#2498 = DIRECTION('',(1.,0.,0.));
#2499 = ORIENTED_EDGE('',*,*,#2500,.T.);
#2500 = EDGE_CURVE('',#2493,#2501,#2503,.T.);
#2501 = VERTEX_POINT('',#2502);
#2502 = CARTESIAN_POINT('',(24.5,-4.1,1.346291201784));
#2503 = CIRCLE('',#2504,1.35);
#2504 = AXIS2_PLACEMENT_3D('',#2505,#2506,#2507);
#2505 = CARTESIAN_POINT('',(24.5,-4.,0.));
#2506 = DIRECTION('',(1.,0.,0.));
#2507 = DIRECTION('',(-0.,0.,1.));
#2508 = ORIENTED_EDGE('',*,*,#2509,.F.);
#2509 = EDGE_CURVE('',#2510,#2501,#2512,.T.);
#2510 = VERTEX_POINT('',#2511);
#2511 = CARTESIAN_POINT('',(21.,-4.1,1.346291201784));
#2512 = LINE('',#2513,#2514);
#2513 = CARTESIAN_POINT('',(21.,-4.1,1.346291201784));
#2514 = VECTOR('',#2515,1.);
#2515 = DIRECTION('',(1.,0.,0.));
#2516 = ORIENTED_EDGE('',*,*,#2517,.T.);
#2517 = EDGE_CURVE('',#2510,#2315,#2518,.T.);
#2518 = CIRCLE('',#2519,1.35);
#2519 = AXIS2_PLACEMENT_3D('',#2520,#2521,#2522);
#2520 = CARTESIAN_POINT('',(21.,-4.,0.));
#2521 = DIRECTION('',(1.,0.,0.));
#2522 = DIRECTION('',(-0.,0.,1.));
#2523 = ORIENTED_EDGE('',*,*,#2322,.T.);
#2524 = ORIENTED_EDGE('',*,*,#2525,.T.);
#2525 = EDGE_CURVE('',#2323,#2493,#2526,.T.);
#2526 = CIRCLE('',#2527,1.35);
#2527 = AXIS2_PLACEMENT_3D('',#2528,#2529,#2530);
#2528 = CARTESIAN_POINT('',(24.5,-4.,0.));
#2529 = DIRECTION('',(1.,0.,0.));
#2530 = DIRECTION('',(-0.,0.,1.));
#2531 = ORIENTED_EDGE('',*,*,#2492,.T.);
#2532 = FACE_BOUND('',#2533,.F.);
#2533 = EDGE_LOOP('',(#2534,#2535,#2544,#2552));
#2534 = ORIENTED_EDGE('',*,*,#2244,.F.);
#2535 = ORIENTED_EDGE('',*,*,#2536,.F.);
#2536 = EDGE_CURVE('',#2537,#2237,#2539,.T.);
#2537 = VERTEX_POINT('',#2538);
#2538 = CARTESIAN_POINT('',(21.2,-3.1,-1.006230589875));
#2539 = CIRCLE('',#2540,1.35);
#2540 = AXIS2_PLACEMENT_3D('',#2541,#2542,#2543);
#2541 = CARTESIAN_POINT('',(21.2,-4.,0.));
#2542 = DIRECTION('',(1.,0.,0.));
#2543 = DIRECTION('',(-0.,0.,1.));
#2544 = ORIENTED_EDGE('',*,*,#2545,.T.);
#2545 = EDGE_CURVE('',#2537,#2546,#2548,.T.);
#2546 = VERTEX_POINT('',#2547);
#2547 = CARTESIAN_POINT('',(21.74,-3.1,-1.006230589875));
#2548 = LINE('',#2549,#2550);
#2549 = CARTESIAN_POINT('',(21.,-3.1,-1.006230589875));
#2550 = VECTOR('',#2551,1.);
#2551 = DIRECTION('',(1.,0.,0.));
#2552 = ORIENTED_EDGE('',*,*,#2553,.T.);
#2553 = EDGE_CURVE('',#2546,#2245,#2554,.T.);
#2554 = CIRCLE('',#2555,1.35);
#2555 = AXIS2_PLACEMENT_3D('',#2556,#2557,#2558);
#2556 = CARTESIAN_POINT('',(21.74,-4.,0.));
#2557 = DIRECTION('',(1.,0.,0.));
#2558 = DIRECTION('',(-0.,0.,1.));
#2559 = FACE_BOUND('',#2560,.F.);
#2560 = EDGE_LOOP('',(#2561,#2562,#2571,#2579));
#2561 = ORIENTED_EDGE('',*,*,#2275,.F.);
#2562 = ORIENTED_EDGE('',*,*,#2563,.F.);
#2563 = EDGE_CURVE('',#2564,#2268,#2566,.T.);
#2564 = VERTEX_POINT('',#2565);
#2565 = CARTESIAN_POINT('',(22.4,-3.1,-1.006230589875));
#2566 = CIRCLE('',#2567,1.35);
#2567 = AXIS2_PLACEMENT_3D('',#2568,#2569,#2570);
#2568 = CARTESIAN_POINT('',(22.4,-4.,0.));
#2569 = DIRECTION('',(1.,0.,0.));
#2570 = DIRECTION('',(-0.,0.,1.));
#2571 = ORIENTED_EDGE('',*,*,#2572,.T.);
#2572 = EDGE_CURVE('',#2564,#2573,#2575,.T.);
#2573 = VERTEX_POINT('',#2574);
#2574 = CARTESIAN_POINT('',(22.94,-3.1,-1.006230589875));
#2575 = LINE('',#2576,#2577);
#2576 = CARTESIAN_POINT('',(21.,-3.1,-1.006230589875));
#2577 = VECTOR('',#2578,1.);
#2578 = DIRECTION('',(1.,0.,0.));
#2579 = ORIENTED_EDGE('',*,*,#2580,.T.);
#2580 = EDGE_CURVE('',#2573,#2276,#2581,.T.);
#2581 = CIRCLE('',#2582,1.35);
#2582 = AXIS2_PLACEMENT_3D('',#2583,#2584,#2585);
#2583 = CARTESIAN_POINT('',(22.94,-4.,0.));
#2584 = DIRECTION('',(1.,0.,0.));
#2585 = DIRECTION('',(-0.,0.,1.));
#2586 = CYLINDRICAL_SURFACE('',#2587,1.35);
#2587 = AXIS2_PLACEMENT_3D('',#2588,#2589,#2590);
#2588 = CARTESIAN_POINT('',(21.,-4.,0.));
#2589 = DIRECTION('',(1.,0.,0.));
#2590 = DIRECTION('',(-0.,0.,1.));
#2591 = ADVANCED_FACE('',(#2592),#2595,.T.);
#2592 = FACE_BOUND('',#2593,.F.);
#2593 = EDGE_LOOP('',(#2594));
#2594 = ORIENTED_EDGE('',*,*,#921,.F.);
#2595 = PLANE('',#2596);
#2596 = AXIS2_PLACEMENT_3D('',#2597,#2598,#2599);
#2597 = CARTESIAN_POINT('',(6.,-10.,8.));
#2598 = DIRECTION('',(0.,0.,1.));
#2599 = DIRECTION('',(1.,0.,-0.));
#2600 = ADVANCED_FACE('',(#2601),#2604,.T.);
#2601 = FACE_BOUND('',#2602,.F.);
#2602 = EDGE_LOOP('',(#2603));
#2603 = ORIENTED_EDGE('',*,*,#946,.F.);
#2604 = PLANE('',#2605);
#2605 = AXIS2_PLACEMENT_3D('',#2606,#2607,#2608);
#2606 = CARTESIAN_POINT('',(26.,-10.,8.));
#2607 = DIRECTION('',(0.,0.,1.));
#2608 = DIRECTION('',(1.,0.,-0.));
#2609 = ADVANCED_FACE('',(#2610),#2613,.T.);
#2610 = FACE_BOUND('',#2611,.F.);
#2611 = EDGE_LOOP('',(#2612));
#2612 = ORIENTED_EDGE('',*,*,#971,.F.);
#2613 = PLANE('',#2614);
#2614 = AXIS2_PLACEMENT_3D('',#2615,#2616,#2617);
#2615 = CARTESIAN_POINT('',(6.,10.,8.));
#2616 = DIRECTION('',(0.,0.,1.));
#2617 = DIRECTION('',(1.,0.,-0.));
#2618 = ADVANCED_FACE('',(#2619),#2645,.F.);
#2619 = FACE_BOUND('',#2620,.F.);
#2620 = EDGE_LOOP('',(#2621,#2629,#2630,#2631,#2639));
#2621 = ORIENTED_EDGE('',*,*,#2622,.F.);
#2622 = EDGE_CURVE('',#998,#2623,#2625,.T.);
#2623 = VERTEX_POINT('',#2624);
#2624 = CARTESIAN_POINT('',(24.5,4.1,13.85));
#2625 = LINE('',#2626,#2627);
#2626 = CARTESIAN_POINT('',(7.5,4.1,13.85));
#2627 = VECTOR('',#2628,1.);
#2628 = DIRECTION('',(1.,0.,-0.));
#2629 = ORIENTED_EDGE('',*,*,#997,.F.);
#2630 = ORIENTED_EDGE('',*,*,#1065,.F.);
#2631 = ORIENTED_EDGE('',*,*,#2632,.T.);
#2632 = EDGE_CURVE('',#1058,#2633,#2635,.T.);
#2633 = VERTEX_POINT('',#2634);
#2634 = CARTESIAN_POINT('',(24.5,-4.1,13.85));
#2635 = LINE('',#2636,#2637);
#2636 = CARTESIAN_POINT('',(7.5,-4.1,13.85));
#2637 = VECTOR('',#2638,1.);
#2638 = DIRECTION('',(1.,0.,-0.));
#2639 = ORIENTED_EDGE('',*,*,#2640,.T.);
#2640 = EDGE_CURVE('',#2633,#2623,#2641,.T.);
#2641 = LINE('',#2642,#2643);
#2642 = CARTESIAN_POINT('',(24.5,-4.1,13.85));
#2643 = VECTOR('',#2644,1.);
#2644 = DIRECTION('',(-0.,1.,0.));
#2645 = PLANE('',#2646);
#2646 = AXIS2_PLACEMENT_3D('',#2647,#2648,#2649);
#2647 = CARTESIAN_POINT('',(7.5,-4.1,13.85));
#2648 = DIRECTION('',(0.,0.,1.));
#2649 = DIRECTION('',(1.,0.,-0.));
#2650 = ADVANCED_FACE('',(#2651),#2683,.T.);
#2651 = FACE_BOUND('',#2652,.T.);
#2652 = EDGE_LOOP('',(#2653,#2659,#2660,#2666,#2667,#2668,#2674,#2675,
    #2681,#2682));
#2653 = ORIENTED_EDGE('',*,*,#2654,.F.);
#2654 = EDGE_CURVE('',#2501,#2633,#2655,.T.);
#2655 = LINE('',#2656,#2657);
#2656 = CARTESIAN_POINT('',(24.5,-4.1,0.85));
#2657 = VECTOR('',#2658,1.);
#2658 = DIRECTION('',(0.,0.,1.));
#2659 = ORIENTED_EDGE('',*,*,#2509,.F.);
#2660 = ORIENTED_EDGE('',*,*,#2661,.T.);
#2661 = EDGE_CURVE('',#2510,#2307,#2662,.T.);
#2662 = LINE('',#2663,#2664);
#2663 = CARTESIAN_POINT('',(21.,-4.1,0.425));
#2664 = VECTOR('',#2665,1.);
#2665 = DIRECTION('',(0.,0.,-1.));
#2666 = ORIENTED_EDGE('',*,*,#2306,.F.);
#2667 = ORIENTED_EDGE('',*,*,#2345,.T.);
#2668 = ORIENTED_EDGE('',*,*,#2669,.T.);
#2669 = EDGE_CURVE('',#2346,#1032,#2670,.T.);
#2670 = LINE('',#2671,#2672);
#2671 = CARTESIAN_POINT('',(7.5,-4.1,13.85));
#2672 = VECTOR('',#2673,1.);
#2673 = DIRECTION('',(1.,0.,-0.));
#2674 = ORIENTED_EDGE('',*,*,#1040,.F.);
#2675 = ORIENTED_EDGE('',*,*,#2676,.T.);
#2676 = EDGE_CURVE('',#1041,#1049,#2677,.T.);
#2677 = LINE('',#2678,#2679);
#2678 = CARTESIAN_POINT('',(11.75,-4.1,7.));
#2679 = VECTOR('',#2680,1.);
#2680 = DIRECTION('',(1.,0.,-0.));
#2681 = ORIENTED_EDGE('',*,*,#1057,.T.);
#2682 = ORIENTED_EDGE('',*,*,#2632,.T.);
#2683 = PLANE('',#2684);
#2684 = AXIS2_PLACEMENT_3D('',#2685,#2686,#2687);
#2685 = CARTESIAN_POINT('',(7.5,-4.1,0.85));
#2686 = DIRECTION('',(-0.,1.,0.));
#2687 = DIRECTION('',(0.,0.,1.));
#2688 = ADVANCED_FACE('',(#2689),#2693,.T.);
#2689 = FACE_BOUND('',#2690,.T.);
#2690 = EDGE_LOOP('',(#2691,#2692));
#2691 = ORIENTED_EDGE('',*,*,#1048,.T.);
#2692 = ORIENTED_EDGE('',*,*,#2676,.F.);
#2693 = PLANE('',#2694);
#2694 = AXIS2_PLACEMENT_3D('',#2695,#2696,#2697);
#2695 = CARTESIAN_POINT('',(16.,0.,7.));
#2696 = DIRECTION('',(0.,0.,1.));
#2697 = DIRECTION('',(1.,0.,-0.));
#2698 = ADVANCED_FACE('',(#2699),#2710,.F.);
#2699 = FACE_BOUND('',#2700,.F.);
#2700 = EDGE_LOOP('',(#2701,#2707,#2708,#2709));
#2701 = ORIENTED_EDGE('',*,*,#2702,.F.);
#2702 = EDGE_CURVE('',#2357,#1024,#2703,.T.);
#2703 = LINE('',#2704,#2705);
#2704 = CARTESIAN_POINT('',(7.5,4.1,13.85));
#2705 = VECTOR('',#2706,1.);
#2706 = DIRECTION('',(1.,0.,-0.));
#2707 = ORIENTED_EDGE('',*,*,#2364,.F.);
#2708 = ORIENTED_EDGE('',*,*,#2669,.T.);
#2709 = ORIENTED_EDGE('',*,*,#1031,.F.);
#2710 = PLANE('',#2711);
#2711 = AXIS2_PLACEMENT_3D('',#2712,#2713,#2714);
#2712 = CARTESIAN_POINT('',(7.5,-4.1,13.85));
#2713 = DIRECTION('',(0.,0.,1.));
#2714 = DIRECTION('',(1.,0.,-0.));
#2715 = ADVANCED_FACE('',(#2716),#2743,.F.);
#2716 = FACE_BOUND('',#2717,.F.);
#2717 = EDGE_LOOP('',(#2718,#2724,#2725,#2731,#2732,#2733,#2734,#2735,
    #2741,#2742));
#2718 = ORIENTED_EDGE('',*,*,#2719,.F.);
#2719 = EDGE_CURVE('',#2414,#2623,#2720,.T.);
#2720 = LINE('',#2721,#2722);
#2721 = CARTESIAN_POINT('',(24.5,4.1,0.85));
#2722 = VECTOR('',#2723,1.);
#2723 = DIRECTION('',(0.,0.,1.));
#2724 = ORIENTED_EDGE('',*,*,#2413,.F.);
#2725 = ORIENTED_EDGE('',*,*,#2726,.T.);
#2726 = EDGE_CURVE('',#2405,#1864,#2727,.T.);
#2727 = LINE('',#2728,#2729);
#2728 = CARTESIAN_POINT('',(21.,4.1,0.425));
#2729 = VECTOR('',#2730,1.);
#2730 = DIRECTION('',(0.,0.,-1.));
#2731 = ORIENTED_EDGE('',*,*,#1871,.F.);
#2732 = ORIENTED_EDGE('',*,*,#2356,.T.);
#2733 = ORIENTED_EDGE('',*,*,#2702,.T.);
#2734 = ORIENTED_EDGE('',*,*,#1023,.F.);
#2735 = ORIENTED_EDGE('',*,*,#2736,.T.);
#2736 = EDGE_CURVE('',#1015,#1007,#2737,.T.);
#2737 = LINE('',#2738,#2739);
#2738 = CARTESIAN_POINT('',(11.75,4.1,7.));
#2739 = VECTOR('',#2740,1.);
#2740 = DIRECTION('',(1.,0.,-0.));
#2741 = ORIENTED_EDGE('',*,*,#1006,.T.);
#2742 = ORIENTED_EDGE('',*,*,#2622,.T.);
#2743 = PLANE('',#2744);
#2744 = AXIS2_PLACEMENT_3D('',#2745,#2746,#2747);
#2745 = CARTESIAN_POINT('',(7.5,4.1,0.85));
#2746 = DIRECTION('',(-0.,1.,0.));
#2747 = DIRECTION('',(0.,0.,1.));
#2748 = ADVANCED_FACE('',(#2749),#2753,.T.);
#2749 = FACE_BOUND('',#2750,.T.);
#2750 = EDGE_LOOP('',(#2751,#2752));
#2751 = ORIENTED_EDGE('',*,*,#2736,.T.);
#2752 = ORIENTED_EDGE('',*,*,#1014,.T.);
#2753 = PLANE('',#2754);
#2754 = AXIS2_PLACEMENT_3D('',#2755,#2756,#2757);
#2755 = CARTESIAN_POINT('',(16.,0.,7.));
#2756 = DIRECTION('',(0.,0.,1.));
#2757 = DIRECTION('',(1.,0.,-0.));
#2758 = ADVANCED_FACE('',(#2759),#2762,.T.);
#2759 = FACE_BOUND('',#2760,.F.);
#2760 = EDGE_LOOP('',(#2761));
#2761 = ORIENTED_EDGE('',*,*,#1089,.F.);
#2762 = PLANE('',#2763);
#2763 = AXIS2_PLACEMENT_3D('',#2764,#2765,#2766);
#2764 = CARTESIAN_POINT('',(26.,10.,8.));
#2765 = DIRECTION('',(0.,0.,1.));
#2766 = DIRECTION('',(1.,0.,-0.));
#2767 = ADVANCED_FACE('',(#2768),#2786,.T.);
#2768 = FACE_BOUND('',#2769,.T.);
#2769 = EDGE_LOOP('',(#2770,#2778,#2779,#2780));
#2770 = ORIENTED_EDGE('',*,*,#2771,.F.);
#2771 = EDGE_CURVE('',#1115,#2772,#2774,.T.);
#2772 = VERTEX_POINT('',#2773);
#2773 = CARTESIAN_POINT('',(8.54,-3.1,-1.2));
#2774 = LINE('',#2775,#2776);
#2775 = CARTESIAN_POINT('',(8.,-3.1,-1.2));
#2776 = VECTOR('',#2777,1.);
#2777 = DIRECTION('',(1.,0.,-0.));
#2778 = ORIENTED_EDGE('',*,*,#1114,.T.);
#2779 = ORIENTED_EDGE('',*,*,#1903,.T.);
#2780 = ORIENTED_EDGE('',*,*,#2781,.F.);
#2781 = EDGE_CURVE('',#2772,#1904,#2782,.T.);
#2782 = LINE('',#2783,#2784);
#2783 = CARTESIAN_POINT('',(8.54,-3.1,-1.2));
#2784 = VECTOR('',#2785,1.);
#2785 = DIRECTION('',(0.,0.,1.));
#2786 = PLANE('',#2787);
#2787 = AXIS2_PLACEMENT_3D('',#2788,#2789,#2790);
#2788 = CARTESIAN_POINT('',(8.,-3.1,-1.2));
#2789 = DIRECTION('',(-0.,1.,0.));
#2790 = DIRECTION('',(0.,0.,1.));
#2791 = ADVANCED_FACE('',(#2792),#2810,.F.);
#2792 = FACE_BOUND('',#2793,.F.);
#2793 = EDGE_LOOP('',(#2794,#2802,#2803,#2804));
#2794 = ORIENTED_EDGE('',*,*,#2795,.F.);
#2795 = EDGE_CURVE('',#1125,#2796,#2798,.T.);
#2796 = VERTEX_POINT('',#2797);
#2797 = CARTESIAN_POINT('',(8.54,3.1,-1.2));
#2798 = LINE('',#2799,#2800);
#2799 = CARTESIAN_POINT('',(8.,3.1,-1.2));
#2800 = VECTOR('',#2801,1.);
#2801 = DIRECTION('',(1.,0.,-0.));
#2802 = ORIENTED_EDGE('',*,*,#1132,.T.);
#2803 = ORIENTED_EDGE('',*,*,#1171,.T.);
#2804 = ORIENTED_EDGE('',*,*,#2805,.F.);
#2805 = EDGE_CURVE('',#2796,#1164,#2806,.T.);
#2806 = LINE('',#2807,#2808);
#2807 = CARTESIAN_POINT('',(8.54,3.1,-1.2));
#2808 = VECTOR('',#2809,1.);
#2809 = DIRECTION('',(0.,0.,1.));
#2810 = PLANE('',#2811);
#2811 = AXIS2_PLACEMENT_3D('',#2812,#2813,#2814);
#2812 = CARTESIAN_POINT('',(8.,3.1,-1.2));
#2813 = DIRECTION('',(-0.,1.,0.));
#2814 = DIRECTION('',(0.,0.,1.));
#2815 = ADVANCED_FACE('',(#2816),#2827,.T.);
#2816 = FACE_BOUND('',#2817,.T.);
#2817 = EDGE_LOOP('',(#2818,#2819,#2820,#2826));
#2818 = ORIENTED_EDGE('',*,*,#1124,.F.);
#2819 = ORIENTED_EDGE('',*,*,#2771,.T.);
#2820 = ORIENTED_EDGE('',*,*,#2821,.T.);
#2821 = EDGE_CURVE('',#2772,#2796,#2822,.T.);
#2822 = LINE('',#2823,#2824);
#2823 = CARTESIAN_POINT('',(8.54,-3.1,-1.2));
#2824 = VECTOR('',#2825,1.);
#2825 = DIRECTION('',(-0.,1.,0.));
#2826 = ORIENTED_EDGE('',*,*,#2795,.F.);
#2827 = PLANE('',#2828);
#2828 = AXIS2_PLACEMENT_3D('',#2829,#2830,#2831);
#2829 = CARTESIAN_POINT('',(8.,-3.1,-1.2));
#2830 = DIRECTION('',(0.,0.,1.));
#2831 = DIRECTION('',(1.,0.,-0.));
#2832 = ADVANCED_FACE('',(#2833),#2841,.F.);
#2833 = FACE_BOUND('',#2834,.F.);
#2834 = EDGE_LOOP('',(#2835,#2836,#2837,#2838,#2839,#2840));
#2835 = ORIENTED_EDGE('',*,*,#2781,.F.);
#2836 = ORIENTED_EDGE('',*,*,#2821,.T.);
#2837 = ORIENTED_EDGE('',*,*,#2805,.T.);
#2838 = ORIENTED_EDGE('',*,*,#1163,.F.);
#2839 = ORIENTED_EDGE('',*,*,#1186,.F.);
#2840 = ORIENTED_EDGE('',*,*,#1911,.F.);
#2841 = PLANE('',#2842);
#2842 = AXIS2_PLACEMENT_3D('',#2843,#2844,#2845);
#2843 = CARTESIAN_POINT('',(8.54,-3.1,-1.2));
#2844 = DIRECTION('',(1.,0.,-0.));
#2845 = DIRECTION('',(0.,0.,1.));
#2846 = ADVANCED_FACE('',(#2847),#2874,.T.);
#2847 = FACE_BOUND('',#2848,.T.);
#2848 = EDGE_LOOP('',(#2849,#2857,#2865,#2871,#2872,#2873));
#2849 = ORIENTED_EDGE('',*,*,#2850,.F.);
#2850 = EDGE_CURVE('',#2851,#1927,#2853,.T.);
#2851 = VERTEX_POINT('',#2852);
#2852 = CARTESIAN_POINT('',(9.2,-3.1,-1.2));
#2853 = LINE('',#2854,#2855);
#2854 = CARTESIAN_POINT('',(9.2,-3.1,-1.2));
#2855 = VECTOR('',#2856,1.);
#2856 = DIRECTION('',(0.,0.,1.));
#2857 = ORIENTED_EDGE('',*,*,#2858,.T.);
#2858 = EDGE_CURVE('',#2851,#2859,#2861,.T.);
#2859 = VERTEX_POINT('',#2860);
#2860 = CARTESIAN_POINT('',(9.2,3.1,-1.2));
#2861 = LINE('',#2862,#2863);
#2862 = CARTESIAN_POINT('',(9.2,-3.1,-1.2));
#2863 = VECTOR('',#2864,1.);
#2864 = DIRECTION('',(-0.,1.,0.));
#2865 = ORIENTED_EDGE('',*,*,#2866,.T.);
#2866 = EDGE_CURVE('',#2859,#1208,#2867,.T.);
#2867 = LINE('',#2868,#2869);
#2868 = CARTESIAN_POINT('',(9.2,3.1,-1.2));
#2869 = VECTOR('',#2870,1.);
#2870 = DIRECTION('',(0.,0.,1.));
#2871 = ORIENTED_EDGE('',*,*,#1207,.F.);
#2872 = ORIENTED_EDGE('',*,*,#1193,.F.);
#2873 = ORIENTED_EDGE('',*,*,#1926,.F.);
#2874 = PLANE('',#2875);
#2875 = AXIS2_PLACEMENT_3D('',#2876,#2877,#2878);
#2876 = CARTESIAN_POINT('',(9.2,-3.1,-1.2));
#2877 = DIRECTION('',(1.,0.,-0.));
#2878 = DIRECTION('',(0.,0.,1.));
#2879 = ADVANCED_FACE('',(#2880),#2898,.F.);
#2880 = FACE_BOUND('',#2881,.F.);
#2881 = EDGE_LOOP('',(#2882,#2890,#2891,#2892));
#2882 = ORIENTED_EDGE('',*,*,#2883,.F.);
#2883 = EDGE_CURVE('',#2859,#2884,#2886,.T.);
#2884 = VERTEX_POINT('',#2885);
#2885 = CARTESIAN_POINT('',(9.74,3.1,-1.2));
#2886 = LINE('',#2887,#2888);
#2887 = CARTESIAN_POINT('',(9.2,3.1,-1.2));
#2888 = VECTOR('',#2889,1.);
#2889 = DIRECTION('',(1.,0.,-0.));
#2890 = ORIENTED_EDGE('',*,*,#2866,.T.);
#2891 = ORIENTED_EDGE('',*,*,#1224,.T.);
#2892 = ORIENTED_EDGE('',*,*,#2893,.F.);
#2893 = EDGE_CURVE('',#2884,#1217,#2894,.T.);
#2894 = LINE('',#2895,#2896);
#2895 = CARTESIAN_POINT('',(9.74,3.1,-1.2));
#2896 = VECTOR('',#2897,1.);
#2897 = DIRECTION('',(0.,0.,1.));
#2898 = PLANE('',#2899);
#2899 = AXIS2_PLACEMENT_3D('',#2900,#2901,#2902);
#2900 = CARTESIAN_POINT('',(9.2,3.1,-1.2));
#2901 = DIRECTION('',(-0.,1.,0.));
#2902 = DIRECTION('',(0.,0.,1.));
#2903 = ADVANCED_FACE('',(#2904),#2924,.F.);
#2904 = FACE_BOUND('',#2905,.F.);
#2905 = EDGE_LOOP('',(#2906,#2914,#2920,#2921,#2922,#2923));
#2906 = ORIENTED_EDGE('',*,*,#2907,.F.);
#2907 = EDGE_CURVE('',#2908,#1935,#2910,.T.);
#2908 = VERTEX_POINT('',#2909);
#2909 = CARTESIAN_POINT('',(9.74,-3.1,-1.2));
#2910 = LINE('',#2911,#2912);
#2911 = CARTESIAN_POINT('',(9.74,-3.1,-1.2));
#2912 = VECTOR('',#2913,1.);
#2913 = DIRECTION('',(0.,0.,1.));
#2914 = ORIENTED_EDGE('',*,*,#2915,.T.);
#2915 = EDGE_CURVE('',#2908,#2884,#2916,.T.);
#2916 = LINE('',#2917,#2918);
#2917 = CARTESIAN_POINT('',(9.74,-3.1,-1.2));
#2918 = VECTOR('',#2919,1.);
#2919 = DIRECTION('',(-0.,1.,0.));
#2920 = ORIENTED_EDGE('',*,*,#2893,.T.);
#2921 = ORIENTED_EDGE('',*,*,#1216,.F.);
#2922 = ORIENTED_EDGE('',*,*,#1239,.F.);
#2923 = ORIENTED_EDGE('',*,*,#1942,.F.);
#2924 = PLANE('',#2925);
#2925 = AXIS2_PLACEMENT_3D('',#2926,#2927,#2928);
#2926 = CARTESIAN_POINT('',(9.74,-3.1,-1.2));
#2927 = DIRECTION('',(1.,0.,-0.));
#2928 = DIRECTION('',(0.,0.,1.));
#2929 = ADVANCED_FACE('',(#2930),#2957,.T.);
#2930 = FACE_BOUND('',#2931,.T.);
#2931 = EDGE_LOOP('',(#2932,#2940,#2948,#2954,#2955,#2956));
#2932 = ORIENTED_EDGE('',*,*,#2933,.F.);
#2933 = EDGE_CURVE('',#2934,#1958,#2936,.T.);
#2934 = VERTEX_POINT('',#2935);
#2935 = CARTESIAN_POINT('',(10.4,-3.1,-1.2));
#2936 = LINE('',#2937,#2938);
#2937 = CARTESIAN_POINT('',(10.4,-3.1,-1.2));
#2938 = VECTOR('',#2939,1.);
#2939 = DIRECTION('',(0.,0.,1.));
#2940 = ORIENTED_EDGE('',*,*,#2941,.T.);
#2941 = EDGE_CURVE('',#2934,#2942,#2944,.T.);
#2942 = VERTEX_POINT('',#2943);
#2943 = CARTESIAN_POINT('',(10.4,3.1,-1.2));
#2944 = LINE('',#2945,#2946);
#2945 = CARTESIAN_POINT('',(10.4,-3.1,-1.2));
#2946 = VECTOR('',#2947,1.);
#2947 = DIRECTION('',(-0.,1.,0.));
#2948 = ORIENTED_EDGE('',*,*,#2949,.T.);
#2949 = EDGE_CURVE('',#2942,#1261,#2950,.T.);
#2950 = LINE('',#2951,#2952);
#2951 = CARTESIAN_POINT('',(10.4,3.1,-1.2));
#2952 = VECTOR('',#2953,1.);
#2953 = DIRECTION('',(0.,0.,1.));
#2954 = ORIENTED_EDGE('',*,*,#1260,.F.);
#2955 = ORIENTED_EDGE('',*,*,#1246,.F.);
#2956 = ORIENTED_EDGE('',*,*,#1957,.F.);
#2957 = PLANE('',#2958);
#2958 = AXIS2_PLACEMENT_3D('',#2959,#2960,#2961);
#2959 = CARTESIAN_POINT('',(10.4,-3.1,-1.2));
#2960 = DIRECTION('',(1.,0.,-0.));
#2961 = DIRECTION('',(0.,0.,1.));
#2962 = ADVANCED_FACE('',(#2963),#2981,.F.);
#2963 = FACE_BOUND('',#2964,.F.);
#2964 = EDGE_LOOP('',(#2965,#2973,#2974,#2975));
#2965 = ORIENTED_EDGE('',*,*,#2966,.F.);
#2966 = EDGE_CURVE('',#2942,#2967,#2969,.T.);
#2967 = VERTEX_POINT('',#2968);
#2968 = CARTESIAN_POINT('',(10.94,3.1,-1.2));
#2969 = LINE('',#2970,#2971);
#2970 = CARTESIAN_POINT('',(10.4,3.1,-1.2));
#2971 = VECTOR('',#2972,1.);
#2972 = DIRECTION('',(1.,0.,-0.));
#2973 = ORIENTED_EDGE('',*,*,#2949,.T.);
#2974 = ORIENTED_EDGE('',*,*,#1277,.T.);
#2975 = ORIENTED_EDGE('',*,*,#2976,.F.);
#2976 = EDGE_CURVE('',#2967,#1270,#2977,.T.);
#2977 = LINE('',#2978,#2979);
#2978 = CARTESIAN_POINT('',(10.94,3.1,-1.2));
#2979 = VECTOR('',#2980,1.);
#2980 = DIRECTION('',(0.,0.,1.));
#2981 = PLANE('',#2982);
#2982 = AXIS2_PLACEMENT_3D('',#2983,#2984,#2985);
#2983 = CARTESIAN_POINT('',(10.4,3.1,-1.2));
#2984 = DIRECTION('',(-0.,1.,0.));
#2985 = DIRECTION('',(0.,0.,1.));
#2986 = ADVANCED_FACE('',(#2987),#3007,.F.);
#2987 = FACE_BOUND('',#2988,.F.);
#2988 = EDGE_LOOP('',(#2989,#2997,#3003,#3004,#3005,#3006));
#2989 = ORIENTED_EDGE('',*,*,#2990,.F.);
#2990 = EDGE_CURVE('',#2991,#1966,#2993,.T.);
#2991 = VERTEX_POINT('',#2992);
#2992 = CARTESIAN_POINT('',(10.94,-3.1,-1.2));
#2993 = LINE('',#2994,#2995);
#2994 = CARTESIAN_POINT('',(10.94,-3.1,-1.2));
#2995 = VECTOR('',#2996,1.);
#2996 = DIRECTION('',(0.,0.,1.));
#2997 = ORIENTED_EDGE('',*,*,#2998,.T.);
#2998 = EDGE_CURVE('',#2991,#2967,#2999,.T.);
#2999 = LINE('',#3000,#3001);
#3000 = CARTESIAN_POINT('',(10.94,-3.1,-1.2));
#3001 = VECTOR('',#3002,1.);
#3002 = DIRECTION('',(-0.,1.,0.));
#3003 = ORIENTED_EDGE('',*,*,#2976,.T.);
#3004 = ORIENTED_EDGE('',*,*,#1269,.F.);
#3005 = ORIENTED_EDGE('',*,*,#1292,.F.);
#3006 = ORIENTED_EDGE('',*,*,#1973,.F.);
#3007 = PLANE('',#3008);
#3008 = AXIS2_PLACEMENT_3D('',#3009,#3010,#3011);
#3009 = CARTESIAN_POINT('',(10.94,-3.1,-1.2));
#3010 = DIRECTION('',(1.,0.,-0.));
#3011 = DIRECTION('',(0.,0.,1.));
#3012 = ADVANCED_FACE('',(#3013),#3040,.T.);
#3013 = FACE_BOUND('',#3014,.T.);
#3014 = EDGE_LOOP('',(#3015,#3023,#3031,#3037,#3038,#3039));
#3015 = ORIENTED_EDGE('',*,*,#3016,.F.);
#3016 = EDGE_CURVE('',#3017,#1989,#3019,.T.);
#3017 = VERTEX_POINT('',#3018);
#3018 = CARTESIAN_POINT('',(11.6,-3.1,-1.2));
#3019 = LINE('',#3020,#3021);
#3020 = CARTESIAN_POINT('',(11.6,-3.1,-1.2));
#3021 = VECTOR('',#3022,1.);
#3022 = DIRECTION('',(0.,0.,1.));
#3023 = ORIENTED_EDGE('',*,*,#3024,.T.);
#3024 = EDGE_CURVE('',#3017,#3025,#3027,.T.);
#3025 = VERTEX_POINT('',#3026);
#3026 = CARTESIAN_POINT('',(11.6,3.1,-1.2));
#3027 = LINE('',#3028,#3029);
#3028 = CARTESIAN_POINT('',(11.6,-3.1,-1.2));
#3029 = VECTOR('',#3030,1.);
#3030 = DIRECTION('',(-0.,1.,0.));
#3031 = ORIENTED_EDGE('',*,*,#3032,.T.);
#3032 = EDGE_CURVE('',#3025,#1314,#3033,.T.);
#3033 = LINE('',#3034,#3035);
#3034 = CARTESIAN_POINT('',(11.6,3.1,-1.2));
#3035 = VECTOR('',#3036,1.);
#3036 = DIRECTION('',(0.,0.,1.));
#3037 = ORIENTED_EDGE('',*,*,#1313,.F.);
#3038 = ORIENTED_EDGE('',*,*,#1299,.F.);
#3039 = ORIENTED_EDGE('',*,*,#1988,.F.);
#3040 = PLANE('',#3041);
#3041 = AXIS2_PLACEMENT_3D('',#3042,#3043,#3044);
#3042 = CARTESIAN_POINT('',(11.6,-3.1,-1.2));
#3043 = DIRECTION('',(1.,0.,-0.));
#3044 = DIRECTION('',(0.,0.,1.));
#3045 = ADVANCED_FACE('',(#3046),#3064,.F.);
#3046 = FACE_BOUND('',#3047,.F.);
#3047 = EDGE_LOOP('',(#3048,#3056,#3057,#3058));
#3048 = ORIENTED_EDGE('',*,*,#3049,.F.);
#3049 = EDGE_CURVE('',#3025,#3050,#3052,.T.);
#3050 = VERTEX_POINT('',#3051);
#3051 = CARTESIAN_POINT('',(12.14,3.1,-1.2));
#3052 = LINE('',#3053,#3054);
#3053 = CARTESIAN_POINT('',(11.6,3.1,-1.2));
#3054 = VECTOR('',#3055,1.);
#3055 = DIRECTION('',(1.,0.,-0.));
#3056 = ORIENTED_EDGE('',*,*,#3032,.T.);
#3057 = ORIENTED_EDGE('',*,*,#1330,.T.);
#3058 = ORIENTED_EDGE('',*,*,#3059,.F.);
#3059 = EDGE_CURVE('',#3050,#1323,#3060,.T.);
#3060 = LINE('',#3061,#3062);
#3061 = CARTESIAN_POINT('',(12.14,3.1,-1.2));
#3062 = VECTOR('',#3063,1.);
#3063 = DIRECTION('',(0.,0.,1.));
#3064 = PLANE('',#3065);
#3065 = AXIS2_PLACEMENT_3D('',#3066,#3067,#3068);
#3066 = CARTESIAN_POINT('',(11.6,3.1,-1.2));
#3067 = DIRECTION('',(-0.,1.,0.));
#3068 = DIRECTION('',(0.,0.,1.));
#3069 = ADVANCED_FACE('',(#3070),#3090,.F.);
#3070 = FACE_BOUND('',#3071,.F.);
#3071 = EDGE_LOOP('',(#3072,#3080,#3086,#3087,#3088,#3089));
#3072 = ORIENTED_EDGE('',*,*,#3073,.F.);
#3073 = EDGE_CURVE('',#3074,#1997,#3076,.T.);
#3074 = VERTEX_POINT('',#3075);
#3075 = CARTESIAN_POINT('',(12.14,-3.1,-1.2));
#3076 = LINE('',#3077,#3078);
#3077 = CARTESIAN_POINT('',(12.14,-3.1,-1.2));
#3078 = VECTOR('',#3079,1.);
#3079 = DIRECTION('',(0.,0.,1.));
#3080 = ORIENTED_EDGE('',*,*,#3081,.T.);
#3081 = EDGE_CURVE('',#3074,#3050,#3082,.T.);
#3082 = LINE('',#3083,#3084);
#3083 = CARTESIAN_POINT('',(12.14,-3.1,-1.2));
#3084 = VECTOR('',#3085,1.);
#3085 = DIRECTION('',(-0.,1.,0.));
#3086 = ORIENTED_EDGE('',*,*,#3059,.T.);
#3087 = ORIENTED_EDGE('',*,*,#1322,.F.);
#3088 = ORIENTED_EDGE('',*,*,#1345,.F.);
#3089 = ORIENTED_EDGE('',*,*,#2004,.F.);
#3090 = PLANE('',#3091);
#3091 = AXIS2_PLACEMENT_3D('',#3092,#3093,#3094);
#3092 = CARTESIAN_POINT('',(12.14,-3.1,-1.2));
#3093 = DIRECTION('',(1.,0.,-0.));
#3094 = DIRECTION('',(0.,0.,1.));
#3095 = ADVANCED_FACE('',(#3096),#3123,.T.);
#3096 = FACE_BOUND('',#3097,.T.);
#3097 = EDGE_LOOP('',(#3098,#3106,#3114,#3120,#3121,#3122));
#3098 = ORIENTED_EDGE('',*,*,#3099,.F.);
#3099 = EDGE_CURVE('',#3100,#2020,#3102,.T.);
#3100 = VERTEX_POINT('',#3101);
#3101 = CARTESIAN_POINT('',(12.8,-3.1,-1.2));
#3102 = LINE('',#3103,#3104);
#3103 = CARTESIAN_POINT('',(12.8,-3.1,-1.2));
#3104 = VECTOR('',#3105,1.);
#3105 = DIRECTION('',(0.,0.,1.));
#3106 = ORIENTED_EDGE('',*,*,#3107,.T.);
#3107 = EDGE_CURVE('',#3100,#3108,#3110,.T.);
#3108 = VERTEX_POINT('',#3109);
#3109 = CARTESIAN_POINT('',(12.8,3.1,-1.2));
#3110 = LINE('',#3111,#3112);
#3111 = CARTESIAN_POINT('',(12.8,-3.1,-1.2));
#3112 = VECTOR('',#3113,1.);
#3113 = DIRECTION('',(-0.,1.,0.));
#3114 = ORIENTED_EDGE('',*,*,#3115,.T.);
#3115 = EDGE_CURVE('',#3108,#1367,#3116,.T.);
#3116 = LINE('',#3117,#3118);
#3117 = CARTESIAN_POINT('',(12.8,3.1,-1.2));
#3118 = VECTOR('',#3119,1.);
#3119 = DIRECTION('',(0.,0.,1.));
#3120 = ORIENTED_EDGE('',*,*,#1366,.F.);
#3121 = ORIENTED_EDGE('',*,*,#1352,.F.);
#3122 = ORIENTED_EDGE('',*,*,#2019,.F.);
#3123 = PLANE('',#3124);
#3124 = AXIS2_PLACEMENT_3D('',#3125,#3126,#3127);
#3125 = CARTESIAN_POINT('',(12.8,-3.1,-1.2));
#3126 = DIRECTION('',(1.,0.,-0.));
#3127 = DIRECTION('',(0.,0.,1.));
#3128 = ADVANCED_FACE('',(#3129),#3147,.F.);
#3129 = FACE_BOUND('',#3130,.F.);
#3130 = EDGE_LOOP('',(#3131,#3139,#3140,#3141));
#3131 = ORIENTED_EDGE('',*,*,#3132,.F.);
#3132 = EDGE_CURVE('',#3108,#3133,#3135,.T.);
#3133 = VERTEX_POINT('',#3134);
#3134 = CARTESIAN_POINT('',(13.34,3.1,-1.2));
#3135 = LINE('',#3136,#3137);
#3136 = CARTESIAN_POINT('',(12.8,3.1,-1.2));
#3137 = VECTOR('',#3138,1.);
#3138 = DIRECTION('',(1.,0.,-0.));
#3139 = ORIENTED_EDGE('',*,*,#3115,.T.);
#3140 = ORIENTED_EDGE('',*,*,#1383,.T.);
#3141 = ORIENTED_EDGE('',*,*,#3142,.F.);
#3142 = EDGE_CURVE('',#3133,#1376,#3143,.T.);
#3143 = LINE('',#3144,#3145);
#3144 = CARTESIAN_POINT('',(13.34,3.1,-1.2));
#3145 = VECTOR('',#3146,1.);
#3146 = DIRECTION('',(0.,0.,1.));
#3147 = PLANE('',#3148);
#3148 = AXIS2_PLACEMENT_3D('',#3149,#3150,#3151);
#3149 = CARTESIAN_POINT('',(12.8,3.1,-1.2));
#3150 = DIRECTION('',(-0.,1.,0.));
#3151 = DIRECTION('',(0.,0.,1.));
#3152 = ADVANCED_FACE('',(#3153),#3173,.F.);
#3153 = FACE_BOUND('',#3154,.F.);
#3154 = EDGE_LOOP('',(#3155,#3163,#3169,#3170,#3171,#3172));
#3155 = ORIENTED_EDGE('',*,*,#3156,.F.);
#3156 = EDGE_CURVE('',#3157,#2028,#3159,.T.);
#3157 = VERTEX_POINT('',#3158);
#3158 = CARTESIAN_POINT('',(13.34,-3.1,-1.2));
#3159 = LINE('',#3160,#3161);
#3160 = CARTESIAN_POINT('',(13.34,-3.1,-1.2));
#3161 = VECTOR('',#3162,1.);
#3162 = DIRECTION('',(0.,0.,1.));
#3163 = ORIENTED_EDGE('',*,*,#3164,.T.);
#3164 = EDGE_CURVE('',#3157,#3133,#3165,.T.);
#3165 = LINE('',#3166,#3167);
#3166 = CARTESIAN_POINT('',(13.34,-3.1,-1.2));
#3167 = VECTOR('',#3168,1.);
#3168 = DIRECTION('',(-0.,1.,0.));
#3169 = ORIENTED_EDGE('',*,*,#3142,.T.);
#3170 = ORIENTED_EDGE('',*,*,#1375,.F.);
#3171 = ORIENTED_EDGE('',*,*,#1398,.F.);
#3172 = ORIENTED_EDGE('',*,*,#2035,.F.);
#3173 = PLANE('',#3174);
#3174 = AXIS2_PLACEMENT_3D('',#3175,#3176,#3177);
#3175 = CARTESIAN_POINT('',(13.34,-3.1,-1.2));
#3176 = DIRECTION('',(1.,0.,-0.));
#3177 = DIRECTION('',(0.,0.,1.));
#3178 = ADVANCED_FACE('',(#3179),#3206,.T.);
#3179 = FACE_BOUND('',#3180,.T.);
#3180 = EDGE_LOOP('',(#3181,#3189,#3197,#3203,#3204,#3205));
#3181 = ORIENTED_EDGE('',*,*,#3182,.F.);
#3182 = EDGE_CURVE('',#3183,#2051,#3185,.T.);
#3183 = VERTEX_POINT('',#3184);
#3184 = CARTESIAN_POINT('',(14.,-3.1,-1.2));
#3185 = LINE('',#3186,#3187);
#3186 = CARTESIAN_POINT('',(14.,-3.1,-1.2));
#3187 = VECTOR('',#3188,1.);
#3188 = DIRECTION('',(0.,0.,1.));
#3189 = ORIENTED_EDGE('',*,*,#3190,.T.);
#3190 = EDGE_CURVE('',#3183,#3191,#3193,.T.);
#3191 = VERTEX_POINT('',#3192);
#3192 = CARTESIAN_POINT('',(14.,3.1,-1.2));
#3193 = LINE('',#3194,#3195);
#3194 = CARTESIAN_POINT('',(14.,-3.1,-1.2));
#3195 = VECTOR('',#3196,1.);
#3196 = DIRECTION('',(-0.,1.,0.));
#3197 = ORIENTED_EDGE('',*,*,#3198,.T.);
#3198 = EDGE_CURVE('',#3191,#1420,#3199,.T.);
#3199 = LINE('',#3200,#3201);
#3200 = CARTESIAN_POINT('',(14.,3.1,-1.2));
#3201 = VECTOR('',#3202,1.);
#3202 = DIRECTION('',(0.,0.,1.));
#3203 = ORIENTED_EDGE('',*,*,#1419,.F.);
#3204 = ORIENTED_EDGE('',*,*,#1405,.F.);
#3205 = ORIENTED_EDGE('',*,*,#2050,.F.);
#3206 = PLANE('',#3207);
#3207 = AXIS2_PLACEMENT_3D('',#3208,#3209,#3210);
#3208 = CARTESIAN_POINT('',(14.,-3.1,-1.2));
#3209 = DIRECTION('',(1.,0.,-0.));
#3210 = DIRECTION('',(0.,0.,1.));
#3211 = ADVANCED_FACE('',(#3212),#3230,.F.);
#3212 = FACE_BOUND('',#3213,.F.);
#3213 = EDGE_LOOP('',(#3214,#3222,#3223,#3224));
#3214 = ORIENTED_EDGE('',*,*,#3215,.F.);
#3215 = EDGE_CURVE('',#3191,#3216,#3218,.T.);
#3216 = VERTEX_POINT('',#3217);
#3217 = CARTESIAN_POINT('',(14.54,3.1,-1.2));
#3218 = LINE('',#3219,#3220);
#3219 = CARTESIAN_POINT('',(14.,3.1,-1.2));
#3220 = VECTOR('',#3221,1.);
#3221 = DIRECTION('',(1.,0.,-0.));
#3222 = ORIENTED_EDGE('',*,*,#3198,.T.);
#3223 = ORIENTED_EDGE('',*,*,#1436,.T.);
#3224 = ORIENTED_EDGE('',*,*,#3225,.F.);
#3225 = EDGE_CURVE('',#3216,#1429,#3226,.T.);
#3226 = LINE('',#3227,#3228);
#3227 = CARTESIAN_POINT('',(14.54,3.1,-1.2));
#3228 = VECTOR('',#3229,1.);
#3229 = DIRECTION('',(0.,0.,1.));
#3230 = PLANE('',#3231);
#3231 = AXIS2_PLACEMENT_3D('',#3232,#3233,#3234);
#3232 = CARTESIAN_POINT('',(14.,3.1,-1.2));
#3233 = DIRECTION('',(-0.,1.,0.));
#3234 = DIRECTION('',(0.,0.,1.));
#3235 = ADVANCED_FACE('',(#3236),#3256,.F.);
#3236 = FACE_BOUND('',#3237,.F.);
#3237 = EDGE_LOOP('',(#3238,#3246,#3252,#3253,#3254,#3255));
#3238 = ORIENTED_EDGE('',*,*,#3239,.F.);
#3239 = EDGE_CURVE('',#3240,#2059,#3242,.T.);
#3240 = VERTEX_POINT('',#3241);
#3241 = CARTESIAN_POINT('',(14.54,-3.1,-1.2));
#3242 = LINE('',#3243,#3244);
#3243 = CARTESIAN_POINT('',(14.54,-3.1,-1.2));
#3244 = VECTOR('',#3245,1.);
#3245 = DIRECTION('',(0.,0.,1.));
#3246 = ORIENTED_EDGE('',*,*,#3247,.T.);
#3247 = EDGE_CURVE('',#3240,#3216,#3248,.T.);
#3248 = LINE('',#3249,#3250);
#3249 = CARTESIAN_POINT('',(14.54,-3.1,-1.2));
#3250 = VECTOR('',#3251,1.);
#3251 = DIRECTION('',(-0.,1.,0.));
#3252 = ORIENTED_EDGE('',*,*,#3225,.T.);
#3253 = ORIENTED_EDGE('',*,*,#1428,.F.);
#3254 = ORIENTED_EDGE('',*,*,#1451,.F.);
#3255 = ORIENTED_EDGE('',*,*,#2066,.F.);
#3256 = PLANE('',#3257);
#3257 = AXIS2_PLACEMENT_3D('',#3258,#3259,#3260);
#3258 = CARTESIAN_POINT('',(14.54,-3.1,-1.2));
#3259 = DIRECTION('',(1.,0.,-0.));
#3260 = DIRECTION('',(0.,0.,1.));
#3261 = ADVANCED_FACE('',(#3262),#3289,.T.);
#3262 = FACE_BOUND('',#3263,.T.);
#3263 = EDGE_LOOP('',(#3264,#3272,#3280,#3286,#3287,#3288));
#3264 = ORIENTED_EDGE('',*,*,#3265,.F.);
#3265 = EDGE_CURVE('',#3266,#2082,#3268,.T.);
#3266 = VERTEX_POINT('',#3267);
#3267 = CARTESIAN_POINT('',(15.2,-3.1,-1.2));
#3268 = LINE('',#3269,#3270);
#3269 = CARTESIAN_POINT('',(15.2,-3.1,-1.2));
#3270 = VECTOR('',#3271,1.);
#3271 = DIRECTION('',(0.,0.,1.));
#3272 = ORIENTED_EDGE('',*,*,#3273,.T.);
#3273 = EDGE_CURVE('',#3266,#3274,#3276,.T.);
#3274 = VERTEX_POINT('',#3275);
#3275 = CARTESIAN_POINT('',(15.2,3.1,-1.2));
#3276 = LINE('',#3277,#3278);
#3277 = CARTESIAN_POINT('',(15.2,-3.1,-1.2));
#3278 = VECTOR('',#3279,1.);
#3279 = DIRECTION('',(-0.,1.,0.));
#3280 = ORIENTED_EDGE('',*,*,#3281,.T.);
#3281 = EDGE_CURVE('',#3274,#1473,#3282,.T.);
#3282 = LINE('',#3283,#3284);
#3283 = CARTESIAN_POINT('',(15.2,3.1,-1.2));
#3284 = VECTOR('',#3285,1.);
#3285 = DIRECTION('',(0.,0.,1.));
#3286 = ORIENTED_EDGE('',*,*,#1472,.F.);
#3287 = ORIENTED_EDGE('',*,*,#1458,.F.);
#3288 = ORIENTED_EDGE('',*,*,#2081,.F.);
#3289 = PLANE('',#3290);
#3290 = AXIS2_PLACEMENT_3D('',#3291,#3292,#3293);
#3291 = CARTESIAN_POINT('',(15.2,-3.1,-1.2));
#3292 = DIRECTION('',(1.,0.,-0.));
#3293 = DIRECTION('',(0.,0.,1.));
#3294 = ADVANCED_FACE('',(#3295),#3313,.F.);
#3295 = FACE_BOUND('',#3296,.F.);
#3296 = EDGE_LOOP('',(#3297,#3305,#3306,#3307));
#3297 = ORIENTED_EDGE('',*,*,#3298,.F.);
#3298 = EDGE_CURVE('',#3274,#3299,#3301,.T.);
#3299 = VERTEX_POINT('',#3300);
#3300 = CARTESIAN_POINT('',(15.74,3.1,-1.2));
#3301 = LINE('',#3302,#3303);
#3302 = CARTESIAN_POINT('',(15.2,3.1,-1.2));
#3303 = VECTOR('',#3304,1.);
#3304 = DIRECTION('',(1.,0.,-0.));
#3305 = ORIENTED_EDGE('',*,*,#3281,.T.);
#3306 = ORIENTED_EDGE('',*,*,#1489,.T.);
#3307 = ORIENTED_EDGE('',*,*,#3308,.F.);
#3308 = EDGE_CURVE('',#3299,#1482,#3309,.T.);
#3309 = LINE('',#3310,#3311);
#3310 = CARTESIAN_POINT('',(15.74,3.1,-1.2));
#3311 = VECTOR('',#3312,1.);
#3312 = DIRECTION('',(0.,0.,1.));
#3313 = PLANE('',#3314);
#3314 = AXIS2_PLACEMENT_3D('',#3315,#3316,#3317);
#3315 = CARTESIAN_POINT('',(15.2,3.1,-1.2));
#3316 = DIRECTION('',(-0.,1.,0.));
#3317 = DIRECTION('',(0.,0.,1.));
#3318 = ADVANCED_FACE('',(#3319),#3339,.F.);
#3319 = FACE_BOUND('',#3320,.F.);
#3320 = EDGE_LOOP('',(#3321,#3329,#3335,#3336,#3337,#3338));
#3321 = ORIENTED_EDGE('',*,*,#3322,.F.);
#3322 = EDGE_CURVE('',#3323,#2090,#3325,.T.);
#3323 = VERTEX_POINT('',#3324);
#3324 = CARTESIAN_POINT('',(15.74,-3.1,-1.2));
#3325 = LINE('',#3326,#3327);
#3326 = CARTESIAN_POINT('',(15.74,-3.1,-1.2));
#3327 = VECTOR('',#3328,1.);
#3328 = DIRECTION('',(0.,0.,1.));
#3329 = ORIENTED_EDGE('',*,*,#3330,.T.);
#3330 = EDGE_CURVE('',#3323,#3299,#3331,.T.);
#3331 = LINE('',#3332,#3333);
#3332 = CARTESIAN_POINT('',(15.74,-3.1,-1.2));
#3333 = VECTOR('',#3334,1.);
#3334 = DIRECTION('',(-0.,1.,0.));
#3335 = ORIENTED_EDGE('',*,*,#3308,.T.);
#3336 = ORIENTED_EDGE('',*,*,#1481,.F.);
#3337 = ORIENTED_EDGE('',*,*,#1504,.F.);
#3338 = ORIENTED_EDGE('',*,*,#2097,.F.);
#3339 = PLANE('',#3340);
#3340 = AXIS2_PLACEMENT_3D('',#3341,#3342,#3343);
#3341 = CARTESIAN_POINT('',(15.74,-3.1,-1.2));
#3342 = DIRECTION('',(1.,0.,-0.));
#3343 = DIRECTION('',(0.,0.,1.));
#3344 = ADVANCED_FACE('',(#3345),#3372,.T.);
#3345 = FACE_BOUND('',#3346,.T.);
#3346 = EDGE_LOOP('',(#3347,#3355,#3363,#3369,#3370,#3371));
#3347 = ORIENTED_EDGE('',*,*,#3348,.F.);
#3348 = EDGE_CURVE('',#3349,#2113,#3351,.T.);
#3349 = VERTEX_POINT('',#3350);
#3350 = CARTESIAN_POINT('',(16.4,-3.1,-1.2));
#3351 = LINE('',#3352,#3353);
#3352 = CARTESIAN_POINT('',(16.4,-3.1,-1.2));
#3353 = VECTOR('',#3354,1.);
#3354 = DIRECTION('',(0.,0.,1.));
#3355 = ORIENTED_EDGE('',*,*,#3356,.T.);
#3356 = EDGE_CURVE('',#3349,#3357,#3359,.T.);
#3357 = VERTEX_POINT('',#3358);
#3358 = CARTESIAN_POINT('',(16.4,3.1,-1.2));
#3359 = LINE('',#3360,#3361);
#3360 = CARTESIAN_POINT('',(16.4,-3.1,-1.2));
#3361 = VECTOR('',#3362,1.);
#3362 = DIRECTION('',(-0.,1.,0.));
#3363 = ORIENTED_EDGE('',*,*,#3364,.T.);
#3364 = EDGE_CURVE('',#3357,#1526,#3365,.T.);
#3365 = LINE('',#3366,#3367);
#3366 = CARTESIAN_POINT('',(16.4,3.1,-1.2));
#3367 = VECTOR('',#3368,1.);
#3368 = DIRECTION('',(0.,0.,1.));
#3369 = ORIENTED_EDGE('',*,*,#1525,.F.);
#3370 = ORIENTED_EDGE('',*,*,#1511,.F.);
#3371 = ORIENTED_EDGE('',*,*,#2112,.F.);
#3372 = PLANE('',#3373);
#3373 = AXIS2_PLACEMENT_3D('',#3374,#3375,#3376);
#3374 = CARTESIAN_POINT('',(16.4,-3.1,-1.2));
#3375 = DIRECTION('',(1.,0.,-0.));
#3376 = DIRECTION('',(0.,0.,1.));
#3377 = ADVANCED_FACE('',(#3378),#3396,.F.);
#3378 = FACE_BOUND('',#3379,.F.);
#3379 = EDGE_LOOP('',(#3380,#3388,#3389,#3390));
#3380 = ORIENTED_EDGE('',*,*,#3381,.F.);
#3381 = EDGE_CURVE('',#3357,#3382,#3384,.T.);
#3382 = VERTEX_POINT('',#3383);
#3383 = CARTESIAN_POINT('',(16.94,3.1,-1.2));
#3384 = LINE('',#3385,#3386);
#3385 = CARTESIAN_POINT('',(16.4,3.1,-1.2));
#3386 = VECTOR('',#3387,1.);
#3387 = DIRECTION('',(1.,0.,-0.));
#3388 = ORIENTED_EDGE('',*,*,#3364,.T.);
#3389 = ORIENTED_EDGE('',*,*,#1542,.T.);
#3390 = ORIENTED_EDGE('',*,*,#3391,.F.);
#3391 = EDGE_CURVE('',#3382,#1535,#3392,.T.);
#3392 = LINE('',#3393,#3394);
#3393 = CARTESIAN_POINT('',(16.94,3.1,-1.2));
#3394 = VECTOR('',#3395,1.);
#3395 = DIRECTION('',(0.,0.,1.));
#3396 = PLANE('',#3397);
#3397 = AXIS2_PLACEMENT_3D('',#3398,#3399,#3400);
#3398 = CARTESIAN_POINT('',(16.4,3.1,-1.2));
#3399 = DIRECTION('',(-0.,1.,0.));
#3400 = DIRECTION('',(0.,0.,1.));
#3401 = ADVANCED_FACE('',(#3402),#3422,.F.);
#3402 = FACE_BOUND('',#3403,.F.);
#3403 = EDGE_LOOP('',(#3404,#3412,#3418,#3419,#3420,#3421));
#3404 = ORIENTED_EDGE('',*,*,#3405,.F.);
#3405 = EDGE_CURVE('',#3406,#2121,#3408,.T.);
#3406 = VERTEX_POINT('',#3407);
#3407 = CARTESIAN_POINT('',(16.94,-3.1,-1.2));
#3408 = LINE('',#3409,#3410);
#3409 = CARTESIAN_POINT('',(16.94,-3.1,-1.2));
#3410 = VECTOR('',#3411,1.);
#3411 = DIRECTION('',(0.,0.,1.));
#3412 = ORIENTED_EDGE('',*,*,#3413,.T.);
#3413 = EDGE_CURVE('',#3406,#3382,#3414,.T.);
#3414 = LINE('',#3415,#3416);
#3415 = CARTESIAN_POINT('',(16.94,-3.1,-1.2));
#3416 = VECTOR('',#3417,1.);
#3417 = DIRECTION('',(-0.,1.,0.));
#3418 = ORIENTED_EDGE('',*,*,#3391,.T.);
#3419 = ORIENTED_EDGE('',*,*,#1534,.F.);
#3420 = ORIENTED_EDGE('',*,*,#1557,.F.);
#3421 = ORIENTED_EDGE('',*,*,#2128,.F.);
#3422 = PLANE('',#3423);
#3423 = AXIS2_PLACEMENT_3D('',#3424,#3425,#3426);
#3424 = CARTESIAN_POINT('',(16.94,-3.1,-1.2));
#3425 = DIRECTION('',(1.,0.,-0.));
#3426 = DIRECTION('',(0.,0.,1.));
#3427 = ADVANCED_FACE('',(#3428),#3455,.T.);
#3428 = FACE_BOUND('',#3429,.T.);
#3429 = EDGE_LOOP('',(#3430,#3438,#3446,#3452,#3453,#3454));
#3430 = ORIENTED_EDGE('',*,*,#3431,.F.);
#3431 = EDGE_CURVE('',#3432,#2144,#3434,.T.);
#3432 = VERTEX_POINT('',#3433);
#3433 = CARTESIAN_POINT('',(17.6,-3.1,-1.2));
#3434 = LINE('',#3435,#3436);
#3435 = CARTESIAN_POINT('',(17.6,-3.1,-1.2));
#3436 = VECTOR('',#3437,1.);
#3437 = DIRECTION('',(0.,0.,1.));
#3438 = ORIENTED_EDGE('',*,*,#3439,.T.);
#3439 = EDGE_CURVE('',#3432,#3440,#3442,.T.);
#3440 = VERTEX_POINT('',#3441);
#3441 = CARTESIAN_POINT('',(17.6,3.1,-1.2));
#3442 = LINE('',#3443,#3444);
#3443 = CARTESIAN_POINT('',(17.6,-3.1,-1.2));
#3444 = VECTOR('',#3445,1.);
#3445 = DIRECTION('',(-0.,1.,0.));
#3446 = ORIENTED_EDGE('',*,*,#3447,.T.);
#3447 = EDGE_CURVE('',#3440,#1579,#3448,.T.);
#3448 = LINE('',#3449,#3450);
#3449 = CARTESIAN_POINT('',(17.6,3.1,-1.2));
#3450 = VECTOR('',#3451,1.);
#3451 = DIRECTION('',(0.,0.,1.));
#3452 = ORIENTED_EDGE('',*,*,#1578,.F.);
#3453 = ORIENTED_EDGE('',*,*,#1564,.F.);
#3454 = ORIENTED_EDGE('',*,*,#2143,.F.);
#3455 = PLANE('',#3456);
#3456 = AXIS2_PLACEMENT_3D('',#3457,#3458,#3459);
#3457 = CARTESIAN_POINT('',(17.6,-3.1,-1.2));
#3458 = DIRECTION('',(1.,0.,-0.));
#3459 = DIRECTION('',(0.,0.,1.));
#3460 = ADVANCED_FACE('',(#3461),#3479,.F.);
#3461 = FACE_BOUND('',#3462,.F.);
#3462 = EDGE_LOOP('',(#3463,#3471,#3472,#3473));
#3463 = ORIENTED_EDGE('',*,*,#3464,.F.);
#3464 = EDGE_CURVE('',#3440,#3465,#3467,.T.);
#3465 = VERTEX_POINT('',#3466);
#3466 = CARTESIAN_POINT('',(18.14,3.1,-1.2));
#3467 = LINE('',#3468,#3469);
#3468 = CARTESIAN_POINT('',(17.6,3.1,-1.2));
#3469 = VECTOR('',#3470,1.);
#3470 = DIRECTION('',(1.,0.,-0.));
#3471 = ORIENTED_EDGE('',*,*,#3447,.T.);
#3472 = ORIENTED_EDGE('',*,*,#1595,.T.);
#3473 = ORIENTED_EDGE('',*,*,#3474,.F.);
#3474 = EDGE_CURVE('',#3465,#1588,#3475,.T.);
#3475 = LINE('',#3476,#3477);
#3476 = CARTESIAN_POINT('',(18.14,3.1,-1.2));
#3477 = VECTOR('',#3478,1.);
#3478 = DIRECTION('',(0.,0.,1.));
#3479 = PLANE('',#3480);
#3480 = AXIS2_PLACEMENT_3D('',#3481,#3482,#3483);
#3481 = CARTESIAN_POINT('',(17.6,3.1,-1.2));
#3482 = DIRECTION('',(-0.,1.,0.));
#3483 = DIRECTION('',(0.,0.,1.));
#3484 = ADVANCED_FACE('',(#3485),#3505,.F.);
#3485 = FACE_BOUND('',#3486,.F.);
#3486 = EDGE_LOOP('',(#3487,#3495,#3501,#3502,#3503,#3504));
#3487 = ORIENTED_EDGE('',*,*,#3488,.F.);
#3488 = EDGE_CURVE('',#3489,#2152,#3491,.T.);
#3489 = VERTEX_POINT('',#3490);
#3490 = CARTESIAN_POINT('',(18.14,-3.1,-1.2));
#3491 = LINE('',#3492,#3493);
#3492 = CARTESIAN_POINT('',(18.14,-3.1,-1.2));
#3493 = VECTOR('',#3494,1.);
#3494 = DIRECTION('',(0.,0.,1.));
#3495 = ORIENTED_EDGE('',*,*,#3496,.T.);
#3496 = EDGE_CURVE('',#3489,#3465,#3497,.T.);
#3497 = LINE('',#3498,#3499);
#3498 = CARTESIAN_POINT('',(18.14,-3.1,-1.2));
#3499 = VECTOR('',#3500,1.);
#3500 = DIRECTION('',(-0.,1.,0.));
#3501 = ORIENTED_EDGE('',*,*,#3474,.T.);
#3502 = ORIENTED_EDGE('',*,*,#1587,.F.);
#3503 = ORIENTED_EDGE('',*,*,#1610,.F.);
#3504 = ORIENTED_EDGE('',*,*,#2159,.F.);
#3505 = PLANE('',#3506);
#3506 = AXIS2_PLACEMENT_3D('',#3507,#3508,#3509);
#3507 = CARTESIAN_POINT('',(18.14,-3.1,-1.2));
#3508 = DIRECTION('',(1.,0.,-0.));
#3509 = DIRECTION('',(0.,0.,1.));
#3510 = ADVANCED_FACE('',(#3511),#3538,.T.);
#3511 = FACE_BOUND('',#3512,.T.);
#3512 = EDGE_LOOP('',(#3513,#3521,#3529,#3535,#3536,#3537));
#3513 = ORIENTED_EDGE('',*,*,#3514,.F.);
#3514 = EDGE_CURVE('',#3515,#2175,#3517,.T.);
#3515 = VERTEX_POINT('',#3516);
#3516 = CARTESIAN_POINT('',(18.8,-3.1,-1.2));
#3517 = LINE('',#3518,#3519);
#3518 = CARTESIAN_POINT('',(18.8,-3.1,-1.2));
#3519 = VECTOR('',#3520,1.);
#3520 = DIRECTION('',(0.,0.,1.));
#3521 = ORIENTED_EDGE('',*,*,#3522,.T.);
#3522 = EDGE_CURVE('',#3515,#3523,#3525,.T.);
#3523 = VERTEX_POINT('',#3524);
#3524 = CARTESIAN_POINT('',(18.8,3.1,-1.2));
#3525 = LINE('',#3526,#3527);
#3526 = CARTESIAN_POINT('',(18.8,-3.1,-1.2));
#3527 = VECTOR('',#3528,1.);
#3528 = DIRECTION('',(-0.,1.,0.));
#3529 = ORIENTED_EDGE('',*,*,#3530,.T.);
#3530 = EDGE_CURVE('',#3523,#1632,#3531,.T.);
#3531 = LINE('',#3532,#3533);
#3532 = CARTESIAN_POINT('',(18.8,3.1,-1.2));
#3533 = VECTOR('',#3534,1.);
#3534 = DIRECTION('',(0.,0.,1.));
#3535 = ORIENTED_EDGE('',*,*,#1631,.F.);
#3536 = ORIENTED_EDGE('',*,*,#1617,.F.);
#3537 = ORIENTED_EDGE('',*,*,#2174,.F.);
#3538 = PLANE('',#3539);
#3539 = AXIS2_PLACEMENT_3D('',#3540,#3541,#3542);
#3540 = CARTESIAN_POINT('',(18.8,-3.1,-1.2));
#3541 = DIRECTION('',(1.,0.,-0.));
#3542 = DIRECTION('',(0.,0.,1.));
#3543 = ADVANCED_FACE('',(#3544),#3562,.F.);
#3544 = FACE_BOUND('',#3545,.F.);
#3545 = EDGE_LOOP('',(#3546,#3554,#3555,#3556));
#3546 = ORIENTED_EDGE('',*,*,#3547,.F.);
#3547 = EDGE_CURVE('',#3523,#3548,#3550,.T.);
#3548 = VERTEX_POINT('',#3549);
#3549 = CARTESIAN_POINT('',(19.34,3.1,-1.2));
#3550 = LINE('',#3551,#3552);
#3551 = CARTESIAN_POINT('',(18.8,3.1,-1.2));
#3552 = VECTOR('',#3553,1.);
#3553 = DIRECTION('',(1.,0.,-0.));
#3554 = ORIENTED_EDGE('',*,*,#3530,.T.);
#3555 = ORIENTED_EDGE('',*,*,#1648,.T.);
#3556 = ORIENTED_EDGE('',*,*,#3557,.F.);
#3557 = EDGE_CURVE('',#3548,#1641,#3558,.T.);
#3558 = LINE('',#3559,#3560);
#3559 = CARTESIAN_POINT('',(19.34,3.1,-1.2));
#3560 = VECTOR('',#3561,1.);
#3561 = DIRECTION('',(0.,0.,1.));
#3562 = PLANE('',#3563);
#3563 = AXIS2_PLACEMENT_3D('',#3564,#3565,#3566);
#3564 = CARTESIAN_POINT('',(18.8,3.1,-1.2));
#3565 = DIRECTION('',(-0.,1.,0.));
#3566 = DIRECTION('',(0.,0.,1.));
#3567 = ADVANCED_FACE('',(#3568),#3588,.F.);
#3568 = FACE_BOUND('',#3569,.F.);
#3569 = EDGE_LOOP('',(#3570,#3578,#3584,#3585,#3586,#3587));
#3570 = ORIENTED_EDGE('',*,*,#3571,.F.);
#3571 = EDGE_CURVE('',#3572,#2183,#3574,.T.);
#3572 = VERTEX_POINT('',#3573);
#3573 = CARTESIAN_POINT('',(19.34,-3.1,-1.2));
#3574 = LINE('',#3575,#3576);
#3575 = CARTESIAN_POINT('',(19.34,-3.1,-1.2));
#3576 = VECTOR('',#3577,1.);
#3577 = DIRECTION('',(0.,0.,1.));
#3578 = ORIENTED_EDGE('',*,*,#3579,.T.);
#3579 = EDGE_CURVE('',#3572,#3548,#3580,.T.);
#3580 = LINE('',#3581,#3582);
#3581 = CARTESIAN_POINT('',(19.34,-3.1,-1.2));
#3582 = VECTOR('',#3583,1.);
#3583 = DIRECTION('',(-0.,1.,0.));
#3584 = ORIENTED_EDGE('',*,*,#3557,.T.);
#3585 = ORIENTED_EDGE('',*,*,#1640,.F.);
#3586 = ORIENTED_EDGE('',*,*,#1663,.F.);
#3587 = ORIENTED_EDGE('',*,*,#2190,.F.);
#3588 = PLANE('',#3589);
#3589 = AXIS2_PLACEMENT_3D('',#3590,#3591,#3592);
#3590 = CARTESIAN_POINT('',(19.34,-3.1,-1.2));
#3591 = DIRECTION('',(1.,0.,-0.));
#3592 = DIRECTION('',(0.,0.,1.));
#3593 = ADVANCED_FACE('',(#3594),#3621,.T.);
#3594 = FACE_BOUND('',#3595,.T.);
#3595 = EDGE_LOOP('',(#3596,#3604,#3612,#3618,#3619,#3620));
#3596 = ORIENTED_EDGE('',*,*,#3597,.F.);
#3597 = EDGE_CURVE('',#3598,#2206,#3600,.T.);
#3598 = VERTEX_POINT('',#3599);
#3599 = CARTESIAN_POINT('',(20.,-3.1,-1.2));
#3600 = LINE('',#3601,#3602);
#3601 = CARTESIAN_POINT('',(20.,-3.1,-1.2));
#3602 = VECTOR('',#3603,1.);
#3603 = DIRECTION('',(0.,0.,1.));
#3604 = ORIENTED_EDGE('',*,*,#3605,.T.);
#3605 = EDGE_CURVE('',#3598,#3606,#3608,.T.);
#3606 = VERTEX_POINT('',#3607);
#3607 = CARTESIAN_POINT('',(20.,3.1,-1.2));
#3608 = LINE('',#3609,#3610);
#3609 = CARTESIAN_POINT('',(20.,-3.1,-1.2));
#3610 = VECTOR('',#3611,1.);
#3611 = DIRECTION('',(-0.,1.,0.));
#3612 = ORIENTED_EDGE('',*,*,#3613,.T.);
#3613 = EDGE_CURVE('',#3606,#1685,#3614,.T.);
#3614 = LINE('',#3615,#3616);
#3615 = CARTESIAN_POINT('',(20.,3.1,-1.2));
#3616 = VECTOR('',#3617,1.);
#3617 = DIRECTION('',(0.,0.,1.));
#3618 = ORIENTED_EDGE('',*,*,#1684,.F.);
#3619 = ORIENTED_EDGE('',*,*,#1670,.F.);
#3620 = ORIENTED_EDGE('',*,*,#2205,.F.);
#3621 = PLANE('',#3622);
#3622 = AXIS2_PLACEMENT_3D('',#3623,#3624,#3625);
#3623 = CARTESIAN_POINT('',(20.,-3.1,-1.2));
#3624 = DIRECTION('',(1.,0.,-0.));
#3625 = DIRECTION('',(0.,0.,1.));
#3626 = ADVANCED_FACE('',(#3627),#3645,.F.);
#3627 = FACE_BOUND('',#3628,.F.);
#3628 = EDGE_LOOP('',(#3629,#3637,#3638,#3639));
#3629 = ORIENTED_EDGE('',*,*,#3630,.F.);
#3630 = EDGE_CURVE('',#3606,#3631,#3633,.T.);
#3631 = VERTEX_POINT('',#3632);
#3632 = CARTESIAN_POINT('',(20.54,3.1,-1.2));
#3633 = LINE('',#3634,#3635);
#3634 = CARTESIAN_POINT('',(20.,3.1,-1.2));
#3635 = VECTOR('',#3636,1.);
#3636 = DIRECTION('',(1.,0.,-0.));
#3637 = ORIENTED_EDGE('',*,*,#3613,.T.);
#3638 = ORIENTED_EDGE('',*,*,#1701,.T.);
#3639 = ORIENTED_EDGE('',*,*,#3640,.F.);
#3640 = EDGE_CURVE('',#3631,#1694,#3641,.T.);
#3641 = LINE('',#3642,#3643);
#3642 = CARTESIAN_POINT('',(20.54,3.1,-1.2));
#3643 = VECTOR('',#3644,1.);
#3644 = DIRECTION('',(0.,0.,1.));
#3645 = PLANE('',#3646);
#3646 = AXIS2_PLACEMENT_3D('',#3647,#3648,#3649);
#3647 = CARTESIAN_POINT('',(20.,3.1,-1.2));
#3648 = DIRECTION('',(-0.,1.,0.));
#3649 = DIRECTION('',(0.,0.,1.));
#3650 = ADVANCED_FACE('',(#3651),#3671,.F.);
#3651 = FACE_BOUND('',#3652,.F.);
#3652 = EDGE_LOOP('',(#3653,#3661,#3667,#3668,#3669,#3670));
#3653 = ORIENTED_EDGE('',*,*,#3654,.F.);
#3654 = EDGE_CURVE('',#3655,#2214,#3657,.T.);
#3655 = VERTEX_POINT('',#3656);
#3656 = CARTESIAN_POINT('',(20.54,-3.1,-1.2));
#3657 = LINE('',#3658,#3659);
#3658 = CARTESIAN_POINT('',(20.54,-3.1,-1.2));
#3659 = VECTOR('',#3660,1.);
#3660 = DIRECTION('',(0.,0.,1.));
#3661 = ORIENTED_EDGE('',*,*,#3662,.T.);
#3662 = EDGE_CURVE('',#3655,#3631,#3663,.T.);
#3663 = LINE('',#3664,#3665);
#3664 = CARTESIAN_POINT('',(20.54,-3.1,-1.2));
#3665 = VECTOR('',#3666,1.);
#3666 = DIRECTION('',(-0.,1.,0.));
#3667 = ORIENTED_EDGE('',*,*,#3640,.T.);
#3668 = ORIENTED_EDGE('',*,*,#1693,.F.);
#3669 = ORIENTED_EDGE('',*,*,#1716,.F.);
#3670 = ORIENTED_EDGE('',*,*,#2221,.F.);
#3671 = PLANE('',#3672);
#3672 = AXIS2_PLACEMENT_3D('',#3673,#3674,#3675);
#3673 = CARTESIAN_POINT('',(20.54,-3.1,-1.2));
#3674 = DIRECTION('',(1.,0.,-0.));
#3675 = DIRECTION('',(0.,0.,1.));
#3676 = ADVANCED_FACE('',(#3677),#3706,.T.);
#3677 = FACE_BOUND('',#3678,.T.);
#3678 = EDGE_LOOP('',(#3679,#3687,#3695,#3701,#3702,#3703,#3704,#3705));
#3679 = ORIENTED_EDGE('',*,*,#3680,.F.);
#3680 = EDGE_CURVE('',#3681,#2537,#3683,.T.);
#3681 = VERTEX_POINT('',#3682);
#3682 = CARTESIAN_POINT('',(21.2,-3.1,-1.2));
#3683 = LINE('',#3684,#3685);
#3684 = CARTESIAN_POINT('',(21.2,-3.1,-1.2));
#3685 = VECTOR('',#3686,1.);
#3686 = DIRECTION('',(0.,0.,1.));
#3687 = ORIENTED_EDGE('',*,*,#3688,.T.);
#3688 = EDGE_CURVE('',#3681,#3689,#3691,.T.);
#3689 = VERTEX_POINT('',#3690);
#3690 = CARTESIAN_POINT('',(21.2,3.1,-1.2));
#3691 = LINE('',#3692,#3693);
#3692 = CARTESIAN_POINT('',(21.2,-3.1,-1.2));
#3693 = VECTOR('',#3694,1.);
#3694 = DIRECTION('',(-0.,1.,0.));
#3695 = ORIENTED_EDGE('',*,*,#3696,.T.);
#3696 = EDGE_CURVE('',#3689,#2432,#3697,.T.);
#3697 = LINE('',#3698,#3699);
#3698 = CARTESIAN_POINT('',(21.2,3.1,-1.2));
#3699 = VECTOR('',#3700,1.);
#3700 = DIRECTION('',(0.,0.,1.));
#3701 = ORIENTED_EDGE('',*,*,#2431,.F.);
#3702 = ORIENTED_EDGE('',*,*,#1737,.F.);
#3703 = ORIENTED_EDGE('',*,*,#1723,.F.);
#3704 = ORIENTED_EDGE('',*,*,#2236,.F.);
#3705 = ORIENTED_EDGE('',*,*,#2536,.F.);
#3706 = PLANE('',#3707);
#3707 = AXIS2_PLACEMENT_3D('',#3708,#3709,#3710);
#3708 = CARTESIAN_POINT('',(21.2,-3.1,-1.2));
#3709 = DIRECTION('',(1.,0.,-0.));
#3710 = DIRECTION('',(0.,0.,1.));
#3711 = ADVANCED_FACE('',(#3712),#3741,.F.);
#3712 = FACE_BOUND('',#3713,.F.);
#3713 = EDGE_LOOP('',(#3714,#3722,#3730,#3736,#3737,#3738,#3739,#3740));
#3714 = ORIENTED_EDGE('',*,*,#3715,.F.);
#3715 = EDGE_CURVE('',#3716,#2546,#3718,.T.);
#3716 = VERTEX_POINT('',#3717);
#3717 = CARTESIAN_POINT('',(21.74,-3.1,-1.2));
#3718 = LINE('',#3719,#3720);
#3719 = CARTESIAN_POINT('',(21.74,-3.1,-1.2));
#3720 = VECTOR('',#3721,1.);
#3721 = DIRECTION('',(0.,0.,1.));
#3722 = ORIENTED_EDGE('',*,*,#3723,.T.);
#3723 = EDGE_CURVE('',#3716,#3724,#3726,.T.);
#3724 = VERTEX_POINT('',#3725);
#3725 = CARTESIAN_POINT('',(21.74,3.1,-1.2));
#3726 = LINE('',#3727,#3728);
#3727 = CARTESIAN_POINT('',(21.74,-3.1,-1.2));
#3728 = VECTOR('',#3729,1.);
#3729 = DIRECTION('',(-0.,1.,0.));
#3730 = ORIENTED_EDGE('',*,*,#3731,.T.);
#3731 = EDGE_CURVE('',#3724,#2442,#3732,.T.);
#3732 = LINE('',#3733,#3734);
#3733 = CARTESIAN_POINT('',(21.74,3.1,-1.2));
#3734 = VECTOR('',#3735,1.);
#3735 = DIRECTION('',(0.,0.,1.));
#3736 = ORIENTED_EDGE('',*,*,#2441,.F.);
#3737 = ORIENTED_EDGE('',*,*,#1746,.F.);
#3738 = ORIENTED_EDGE('',*,*,#1769,.F.);
#3739 = ORIENTED_EDGE('',*,*,#2252,.F.);
#3740 = ORIENTED_EDGE('',*,*,#2553,.F.);
#3741 = PLANE('',#3742);
#3742 = AXIS2_PLACEMENT_3D('',#3743,#3744,#3745);
#3743 = CARTESIAN_POINT('',(21.74,-3.1,-1.2));
#3744 = DIRECTION('',(1.,0.,-0.));
#3745 = DIRECTION('',(0.,0.,1.));
#3746 = ADVANCED_FACE('',(#3747),#3776,.T.);
#3747 = FACE_BOUND('',#3748,.T.);
#3748 = EDGE_LOOP('',(#3749,#3757,#3765,#3771,#3772,#3773,#3774,#3775));
#3749 = ORIENTED_EDGE('',*,*,#3750,.F.);
#3750 = EDGE_CURVE('',#3751,#2564,#3753,.T.);
#3751 = VERTEX_POINT('',#3752);
#3752 = CARTESIAN_POINT('',(22.4,-3.1,-1.2));
#3753 = LINE('',#3754,#3755);
#3754 = CARTESIAN_POINT('',(22.4,-3.1,-1.2));
#3755 = VECTOR('',#3756,1.);
#3756 = DIRECTION('',(0.,0.,1.));
#3757 = ORIENTED_EDGE('',*,*,#3758,.T.);
#3758 = EDGE_CURVE('',#3751,#3759,#3761,.T.);
#3759 = VERTEX_POINT('',#3760);
#3760 = CARTESIAN_POINT('',(22.4,3.1,-1.2));
#3761 = LINE('',#3762,#3763);
#3762 = CARTESIAN_POINT('',(22.4,-3.1,-1.2));
#3763 = VECTOR('',#3764,1.);
#3764 = DIRECTION('',(-0.,1.,0.));
#3765 = ORIENTED_EDGE('',*,*,#3766,.T.);
#3766 = EDGE_CURVE('',#3759,#2459,#3767,.T.);
#3767 = LINE('',#3768,#3769);
#3768 = CARTESIAN_POINT('',(22.4,3.1,-1.2));
#3769 = VECTOR('',#3770,1.);
#3770 = DIRECTION('',(0.,0.,1.));
#3771 = ORIENTED_EDGE('',*,*,#2458,.F.);
#3772 = ORIENTED_EDGE('',*,*,#1790,.F.);
#3773 = ORIENTED_EDGE('',*,*,#1776,.F.);
#3774 = ORIENTED_EDGE('',*,*,#2267,.F.);
#3775 = ORIENTED_EDGE('',*,*,#2563,.F.);
#3776 = PLANE('',#3777);
#3777 = AXIS2_PLACEMENT_3D('',#3778,#3779,#3780);
#3778 = CARTESIAN_POINT('',(22.4,-3.1,-1.2));
#3779 = DIRECTION('',(1.,0.,-0.));
#3780 = DIRECTION('',(0.,0.,1.));
#3781 = ADVANCED_FACE('',(#3782),#3811,.F.);
#3782 = FACE_BOUND('',#3783,.F.);
#3783 = EDGE_LOOP('',(#3784,#3792,#3800,#3806,#3807,#3808,#3809,#3810));
#3784 = ORIENTED_EDGE('',*,*,#3785,.F.);
#3785 = EDGE_CURVE('',#3786,#2573,#3788,.T.);
#3786 = VERTEX_POINT('',#3787);
#3787 = CARTESIAN_POINT('',(22.94,-3.1,-1.2));
#3788 = LINE('',#3789,#3790);
#3789 = CARTESIAN_POINT('',(22.94,-3.1,-1.2));
#3790 = VECTOR('',#3791,1.);
#3791 = DIRECTION('',(0.,0.,1.));
#3792 = ORIENTED_EDGE('',*,*,#3793,.T.);
#3793 = EDGE_CURVE('',#3786,#3794,#3796,.T.);
#3794 = VERTEX_POINT('',#3795);
#3795 = CARTESIAN_POINT('',(22.94,3.1,-1.2));
#3796 = LINE('',#3797,#3798);
#3797 = CARTESIAN_POINT('',(22.94,-3.1,-1.2));
#3798 = VECTOR('',#3799,1.);
#3799 = DIRECTION('',(-0.,1.,0.));
#3800 = ORIENTED_EDGE('',*,*,#3801,.T.);
#3801 = EDGE_CURVE('',#3794,#2469,#3802,.T.);
#3802 = LINE('',#3803,#3804);
#3803 = CARTESIAN_POINT('',(22.94,3.1,-1.2));
#3804 = VECTOR('',#3805,1.);
#3805 = DIRECTION('',(0.,0.,1.));
#3806 = ORIENTED_EDGE('',*,*,#2468,.F.);
#3807 = ORIENTED_EDGE('',*,*,#1799,.F.);
#3808 = ORIENTED_EDGE('',*,*,#1822,.F.);
#3809 = ORIENTED_EDGE('',*,*,#2283,.F.);
#3810 = ORIENTED_EDGE('',*,*,#2580,.F.);
#3811 = PLANE('',#3812);
#3812 = AXIS2_PLACEMENT_3D('',#3813,#3814,#3815);
#3813 = CARTESIAN_POINT('',(22.94,-3.1,-1.2));
#3814 = DIRECTION('',(1.,0.,-0.));
#3815 = DIRECTION('',(0.,0.,1.));
#3816 = ADVANCED_FACE('',(#3817),#3822,.T.);
#3817 = FACE_BOUND('',#3818,.T.);
#3818 = EDGE_LOOP('',(#3819,#3820,#3821));
#3819 = ORIENTED_EDGE('',*,*,#1863,.F.);
#3820 = ORIENTED_EDGE('',*,*,#2404,.T.);
#3821 = ORIENTED_EDGE('',*,*,#2726,.T.);
#3822 = PLANE('',#3823);
#3823 = AXIS2_PLACEMENT_3D('',#3824,#3825,#3826);
#3824 = CARTESIAN_POINT('',(21.,4.,0.));
#3825 = DIRECTION('',(1.,0.,0.));
#3826 = DIRECTION('',(-0.,0.,1.));
#3827 = ADVANCED_FACE('',(#3828),#3840,.F.);
#3828 = FACE_BOUND('',#3829,.F.);
#3829 = EDGE_LOOP('',(#3830,#3831,#3832,#3833,#3834,#3835,#3836,#3837,
    #3838,#3839));
#3830 = ORIENTED_EDGE('',*,*,#2654,.F.);
#3831 = ORIENTED_EDGE('',*,*,#2500,.F.);
#3832 = ORIENTED_EDGE('',*,*,#2525,.F.);
#3833 = ORIENTED_EDGE('',*,*,#2330,.T.);
#3834 = ORIENTED_EDGE('',*,*,#1886,.T.);
#3835 = ORIENTED_EDGE('',*,*,#1847,.T.);
#3836 = ORIENTED_EDGE('',*,*,#2396,.F.);
#3837 = ORIENTED_EDGE('',*,*,#2421,.F.);
#3838 = ORIENTED_EDGE('',*,*,#2719,.T.);
#3839 = ORIENTED_EDGE('',*,*,#2640,.F.);
#3840 = PLANE('',#3841);
#3841 = AXIS2_PLACEMENT_3D('',#3842,#3843,#3844);
#3842 = CARTESIAN_POINT('',(24.5,-4.1,0.85));
#3843 = DIRECTION('',(1.,0.,-0.));
#3844 = DIRECTION('',(0.,0.,1.));
#3845 = ADVANCED_FACE('',(#3846),#3857,.T.);
#3846 = FACE_BOUND('',#3847,.T.);
#3847 = EDGE_LOOP('',(#3848,#3854,#3855,#3856));
#3848 = ORIENTED_EDGE('',*,*,#3849,.F.);
#3849 = EDGE_CURVE('',#2851,#2908,#3850,.T.);
#3850 = LINE('',#3851,#3852);
#3851 = CARTESIAN_POINT('',(9.2,-3.1,-1.2));
#3852 = VECTOR('',#3853,1.);
#3853 = DIRECTION('',(1.,0.,-0.));
#3854 = ORIENTED_EDGE('',*,*,#2850,.T.);
#3855 = ORIENTED_EDGE('',*,*,#1934,.T.);
#3856 = ORIENTED_EDGE('',*,*,#2907,.F.);
#3857 = PLANE('',#3858);
#3858 = AXIS2_PLACEMENT_3D('',#3859,#3860,#3861);
#3859 = CARTESIAN_POINT('',(9.2,-3.1,-1.2));
#3860 = DIRECTION('',(-0.,1.,0.));
#3861 = DIRECTION('',(0.,0.,1.));
#3862 = ADVANCED_FACE('',(#3863),#3874,.T.);
#3863 = FACE_BOUND('',#3864,.T.);
#3864 = EDGE_LOOP('',(#3865,#3871,#3872,#3873));
#3865 = ORIENTED_EDGE('',*,*,#3866,.F.);
#3866 = EDGE_CURVE('',#2934,#2991,#3867,.T.);
#3867 = LINE('',#3868,#3869);
#3868 = CARTESIAN_POINT('',(10.4,-3.1,-1.2));
#3869 = VECTOR('',#3870,1.);
#3870 = DIRECTION('',(1.,0.,-0.));
#3871 = ORIENTED_EDGE('',*,*,#2933,.T.);
#3872 = ORIENTED_EDGE('',*,*,#1965,.T.);
#3873 = ORIENTED_EDGE('',*,*,#2990,.F.);
#3874 = PLANE('',#3875);
#3875 = AXIS2_PLACEMENT_3D('',#3876,#3877,#3878);
#3876 = CARTESIAN_POINT('',(10.4,-3.1,-1.2));
#3877 = DIRECTION('',(-0.,1.,0.));
#3878 = DIRECTION('',(0.,0.,1.));
#3879 = ADVANCED_FACE('',(#3880),#3891,.T.);
#3880 = FACE_BOUND('',#3881,.T.);
#3881 = EDGE_LOOP('',(#3882,#3888,#3889,#3890));
#3882 = ORIENTED_EDGE('',*,*,#3883,.F.);
#3883 = EDGE_CURVE('',#3017,#3074,#3884,.T.);
#3884 = LINE('',#3885,#3886);
#3885 = CARTESIAN_POINT('',(11.6,-3.1,-1.2));
#3886 = VECTOR('',#3887,1.);
#3887 = DIRECTION('',(1.,0.,-0.));
#3888 = ORIENTED_EDGE('',*,*,#3016,.T.);
#3889 = ORIENTED_EDGE('',*,*,#1996,.T.);
#3890 = ORIENTED_EDGE('',*,*,#3073,.F.);
#3891 = PLANE('',#3892);
#3892 = AXIS2_PLACEMENT_3D('',#3893,#3894,#3895);
#3893 = CARTESIAN_POINT('',(11.6,-3.1,-1.2));
#3894 = DIRECTION('',(-0.,1.,0.));
#3895 = DIRECTION('',(0.,0.,1.));
#3896 = ADVANCED_FACE('',(#3897),#3908,.T.);
#3897 = FACE_BOUND('',#3898,.T.);
#3898 = EDGE_LOOP('',(#3899,#3905,#3906,#3907));
#3899 = ORIENTED_EDGE('',*,*,#3900,.F.);
#3900 = EDGE_CURVE('',#3100,#3157,#3901,.T.);
#3901 = LINE('',#3902,#3903);
#3902 = CARTESIAN_POINT('',(12.8,-3.1,-1.2));
#3903 = VECTOR('',#3904,1.);
#3904 = DIRECTION('',(1.,0.,-0.));
#3905 = ORIENTED_EDGE('',*,*,#3099,.T.);
#3906 = ORIENTED_EDGE('',*,*,#2027,.T.);
#3907 = ORIENTED_EDGE('',*,*,#3156,.F.);
#3908 = PLANE('',#3909);
#3909 = AXIS2_PLACEMENT_3D('',#3910,#3911,#3912);
#3910 = CARTESIAN_POINT('',(12.8,-3.1,-1.2));
#3911 = DIRECTION('',(-0.,1.,0.));
#3912 = DIRECTION('',(0.,0.,1.));
#3913 = ADVANCED_FACE('',(#3914),#3925,.T.);
#3914 = FACE_BOUND('',#3915,.T.);
#3915 = EDGE_LOOP('',(#3916,#3922,#3923,#3924));
#3916 = ORIENTED_EDGE('',*,*,#3917,.F.);
#3917 = EDGE_CURVE('',#3183,#3240,#3918,.T.);
#3918 = LINE('',#3919,#3920);
#3919 = CARTESIAN_POINT('',(14.,-3.1,-1.2));
#3920 = VECTOR('',#3921,1.);
#3921 = DIRECTION('',(1.,0.,-0.));
#3922 = ORIENTED_EDGE('',*,*,#3182,.T.);
#3923 = ORIENTED_EDGE('',*,*,#2058,.T.);
#3924 = ORIENTED_EDGE('',*,*,#3239,.F.);
#3925 = PLANE('',#3926);
#3926 = AXIS2_PLACEMENT_3D('',#3927,#3928,#3929);
#3927 = CARTESIAN_POINT('',(14.,-3.1,-1.2));
#3928 = DIRECTION('',(-0.,1.,0.));
#3929 = DIRECTION('',(0.,0.,1.));
#3930 = ADVANCED_FACE('',(#3931),#3942,.T.);
#3931 = FACE_BOUND('',#3932,.T.);
#3932 = EDGE_LOOP('',(#3933,#3939,#3940,#3941));
#3933 = ORIENTED_EDGE('',*,*,#3934,.F.);
#3934 = EDGE_CURVE('',#3266,#3323,#3935,.T.);
#3935 = LINE('',#3936,#3937);
#3936 = CARTESIAN_POINT('',(15.2,-3.1,-1.2));
#3937 = VECTOR('',#3938,1.);
#3938 = DIRECTION('',(1.,0.,-0.));
#3939 = ORIENTED_EDGE('',*,*,#3265,.T.);
#3940 = ORIENTED_EDGE('',*,*,#2089,.T.);
#3941 = ORIENTED_EDGE('',*,*,#3322,.F.);
#3942 = PLANE('',#3943);
#3943 = AXIS2_PLACEMENT_3D('',#3944,#3945,#3946);
#3944 = CARTESIAN_POINT('',(15.2,-3.1,-1.2));
#3945 = DIRECTION('',(-0.,1.,0.));
#3946 = DIRECTION('',(0.,0.,1.));
#3947 = ADVANCED_FACE('',(#3948),#3959,.T.);
#3948 = FACE_BOUND('',#3949,.T.);
#3949 = EDGE_LOOP('',(#3950,#3956,#3957,#3958));
#3950 = ORIENTED_EDGE('',*,*,#3951,.F.);
#3951 = EDGE_CURVE('',#3349,#3406,#3952,.T.);
#3952 = LINE('',#3953,#3954);
#3953 = CARTESIAN_POINT('',(16.4,-3.1,-1.2));
#3954 = VECTOR('',#3955,1.);
#3955 = DIRECTION('',(1.,0.,-0.));
#3956 = ORIENTED_EDGE('',*,*,#3348,.T.);
#3957 = ORIENTED_EDGE('',*,*,#2120,.T.);
#3958 = ORIENTED_EDGE('',*,*,#3405,.F.);
#3959 = PLANE('',#3960);
#3960 = AXIS2_PLACEMENT_3D('',#3961,#3962,#3963);
#3961 = CARTESIAN_POINT('',(16.4,-3.1,-1.2));
#3962 = DIRECTION('',(-0.,1.,0.));
#3963 = DIRECTION('',(0.,0.,1.));
#3964 = ADVANCED_FACE('',(#3965),#3976,.T.);
#3965 = FACE_BOUND('',#3966,.T.);
#3966 = EDGE_LOOP('',(#3967,#3973,#3974,#3975));
#3967 = ORIENTED_EDGE('',*,*,#3968,.F.);
#3968 = EDGE_CURVE('',#3432,#3489,#3969,.T.);
#3969 = LINE('',#3970,#3971);
#3970 = CARTESIAN_POINT('',(17.6,-3.1,-1.2));
#3971 = VECTOR('',#3972,1.);
#3972 = DIRECTION('',(1.,0.,-0.));
#3973 = ORIENTED_EDGE('',*,*,#3431,.T.);
#3974 = ORIENTED_EDGE('',*,*,#2151,.T.);
#3975 = ORIENTED_EDGE('',*,*,#3488,.F.);
#3976 = PLANE('',#3977);
#3977 = AXIS2_PLACEMENT_3D('',#3978,#3979,#3980);
#3978 = CARTESIAN_POINT('',(17.6,-3.1,-1.2));
#3979 = DIRECTION('',(-0.,1.,0.));
#3980 = DIRECTION('',(0.,0.,1.));
#3981 = ADVANCED_FACE('',(#3982),#3993,.T.);
#3982 = FACE_BOUND('',#3983,.T.);
#3983 = EDGE_LOOP('',(#3984,#3990,#3991,#3992));
#3984 = ORIENTED_EDGE('',*,*,#3985,.F.);
#3985 = EDGE_CURVE('',#3515,#3572,#3986,.T.);
#3986 = LINE('',#3987,#3988);
#3987 = CARTESIAN_POINT('',(18.8,-3.1,-1.2));
#3988 = VECTOR('',#3989,1.);
#3989 = DIRECTION('',(1.,0.,-0.));
#3990 = ORIENTED_EDGE('',*,*,#3514,.T.);
#3991 = ORIENTED_EDGE('',*,*,#2182,.T.);
#3992 = ORIENTED_EDGE('',*,*,#3571,.F.);
#3993 = PLANE('',#3994);
#3994 = AXIS2_PLACEMENT_3D('',#3995,#3996,#3997);
#3995 = CARTESIAN_POINT('',(18.8,-3.1,-1.2));
#3996 = DIRECTION('',(-0.,1.,0.));
#3997 = DIRECTION('',(0.,0.,1.));
#3998 = ADVANCED_FACE('',(#3999),#4010,.T.);
#3999 = FACE_BOUND('',#4000,.T.);
#4000 = EDGE_LOOP('',(#4001,#4007,#4008,#4009));
#4001 = ORIENTED_EDGE('',*,*,#4002,.F.);
#4002 = EDGE_CURVE('',#3598,#3655,#4003,.T.);
#4003 = LINE('',#4004,#4005);
#4004 = CARTESIAN_POINT('',(20.,-3.1,-1.2));
#4005 = VECTOR('',#4006,1.);
#4006 = DIRECTION('',(1.,0.,-0.));
#4007 = ORIENTED_EDGE('',*,*,#3597,.T.);
#4008 = ORIENTED_EDGE('',*,*,#2213,.T.);
#4009 = ORIENTED_EDGE('',*,*,#3654,.F.);
#4010 = PLANE('',#4011);
#4011 = AXIS2_PLACEMENT_3D('',#4012,#4013,#4014);
#4012 = CARTESIAN_POINT('',(20.,-3.1,-1.2));
#4013 = DIRECTION('',(-0.,1.,0.));
#4014 = DIRECTION('',(0.,0.,1.));
#4015 = ADVANCED_FACE('',(#4016),#4021,.T.);
#4016 = FACE_BOUND('',#4017,.T.);
#4017 = EDGE_LOOP('',(#4018,#4019,#4020));
#4018 = ORIENTED_EDGE('',*,*,#2661,.F.);
#4019 = ORIENTED_EDGE('',*,*,#2517,.T.);
#4020 = ORIENTED_EDGE('',*,*,#2314,.F.);
#4021 = PLANE('',#4022);
#4022 = AXIS2_PLACEMENT_3D('',#4023,#4024,#4025);
#4023 = CARTESIAN_POINT('',(21.,-4.,0.));
#4024 = DIRECTION('',(1.,0.,0.));
#4025 = DIRECTION('',(-0.,0.,1.));
#4026 = ADVANCED_FACE('',(#4027),#4038,.F.);
#4027 = FACE_BOUND('',#4028,.F.);
#4028 = EDGE_LOOP('',(#4029,#4030,#4036,#4037));
#4029 = ORIENTED_EDGE('',*,*,#3731,.F.);
#4030 = ORIENTED_EDGE('',*,*,#4031,.F.);
#4031 = EDGE_CURVE('',#3689,#3724,#4032,.T.);
#4032 = LINE('',#4033,#4034);
#4033 = CARTESIAN_POINT('',(21.2,3.1,-1.2));
#4034 = VECTOR('',#4035,1.);
#4035 = DIRECTION('',(1.,0.,-0.));
#4036 = ORIENTED_EDGE('',*,*,#3696,.T.);
#4037 = ORIENTED_EDGE('',*,*,#2450,.T.);
#4038 = PLANE('',#4039);
#4039 = AXIS2_PLACEMENT_3D('',#4040,#4041,#4042);
#4040 = CARTESIAN_POINT('',(21.2,3.1,-1.2));
#4041 = DIRECTION('',(-0.,1.,0.));
#4042 = DIRECTION('',(0.,0.,1.));
#4043 = ADVANCED_FACE('',(#4044),#4055,.F.);
#4044 = FACE_BOUND('',#4045,.F.);
#4045 = EDGE_LOOP('',(#4046,#4047,#4053,#4054));
#4046 = ORIENTED_EDGE('',*,*,#3801,.F.);
#4047 = ORIENTED_EDGE('',*,*,#4048,.F.);
#4048 = EDGE_CURVE('',#3759,#3794,#4049,.T.);
#4049 = LINE('',#4050,#4051);
#4050 = CARTESIAN_POINT('',(22.4,3.1,-1.2));
#4051 = VECTOR('',#4052,1.);
#4052 = DIRECTION('',(1.,0.,-0.));
#4053 = ORIENTED_EDGE('',*,*,#3766,.T.);
#4054 = ORIENTED_EDGE('',*,*,#2477,.T.);
#4055 = PLANE('',#4056);
#4056 = AXIS2_PLACEMENT_3D('',#4057,#4058,#4059);
#4057 = CARTESIAN_POINT('',(22.4,3.1,-1.2));
#4058 = DIRECTION('',(-0.,1.,0.));
#4059 = DIRECTION('',(0.,0.,1.));
#4060 = ADVANCED_FACE('',(#4061),#4072,.T.);
#4061 = FACE_BOUND('',#4062,.T.);
#4062 = EDGE_LOOP('',(#4063,#4064,#4070,#4071));
#4063 = ORIENTED_EDGE('',*,*,#3715,.F.);
#4064 = ORIENTED_EDGE('',*,*,#4065,.F.);
#4065 = EDGE_CURVE('',#3681,#3716,#4066,.T.);
#4066 = LINE('',#4067,#4068);
#4067 = CARTESIAN_POINT('',(21.2,-3.1,-1.2));
#4068 = VECTOR('',#4069,1.);
#4069 = DIRECTION('',(1.,0.,-0.));
#4070 = ORIENTED_EDGE('',*,*,#3680,.T.);
#4071 = ORIENTED_EDGE('',*,*,#2545,.T.);
#4072 = PLANE('',#4073);
#4073 = AXIS2_PLACEMENT_3D('',#4074,#4075,#4076);
#4074 = CARTESIAN_POINT('',(21.2,-3.1,-1.2));
#4075 = DIRECTION('',(-0.,1.,0.));
#4076 = DIRECTION('',(0.,0.,1.));
#4077 = ADVANCED_FACE('',(#4078),#4089,.T.);
#4078 = FACE_BOUND('',#4079,.T.);
#4079 = EDGE_LOOP('',(#4080,#4081,#4087,#4088));
#4080 = ORIENTED_EDGE('',*,*,#3785,.F.);
#4081 = ORIENTED_EDGE('',*,*,#4082,.F.);
#4082 = EDGE_CURVE('',#3751,#3786,#4083,.T.);
#4083 = LINE('',#4084,#4085);
#4084 = CARTESIAN_POINT('',(22.4,-3.1,-1.2));
#4085 = VECTOR('',#4086,1.);
#4086 = DIRECTION('',(1.,0.,-0.));
#4087 = ORIENTED_EDGE('',*,*,#3750,.T.);
#4088 = ORIENTED_EDGE('',*,*,#2572,.T.);
#4089 = PLANE('',#4090);
#4090 = AXIS2_PLACEMENT_3D('',#4091,#4092,#4093);
#4091 = CARTESIAN_POINT('',(22.4,-3.1,-1.2));
#4092 = DIRECTION('',(-0.,1.,0.));
#4093 = DIRECTION('',(0.,0.,1.));
#4094 = ADVANCED_FACE('',(#4095),#4101,.T.);
#4095 = FACE_BOUND('',#4096,.T.);
#4096 = EDGE_LOOP('',(#4097,#4098,#4099,#4100));
#4097 = ORIENTED_EDGE('',*,*,#2858,.F.);
#4098 = ORIENTED_EDGE('',*,*,#3849,.T.);
#4099 = ORIENTED_EDGE('',*,*,#2915,.T.);
#4100 = ORIENTED_EDGE('',*,*,#2883,.F.);
#4101 = PLANE('',#4102);
#4102 = AXIS2_PLACEMENT_3D('',#4103,#4104,#4105);
#4103 = CARTESIAN_POINT('',(9.2,-3.1,-1.2));
#4104 = DIRECTION('',(0.,0.,1.));
#4105 = DIRECTION('',(1.,0.,-0.));
#4106 = ADVANCED_FACE('',(#4107),#4113,.T.);
#4107 = FACE_BOUND('',#4108,.T.);
#4108 = EDGE_LOOP('',(#4109,#4110,#4111,#4112));
#4109 = ORIENTED_EDGE('',*,*,#2941,.F.);
#4110 = ORIENTED_EDGE('',*,*,#3866,.T.);
#4111 = ORIENTED_EDGE('',*,*,#2998,.T.);
#4112 = ORIENTED_EDGE('',*,*,#2966,.F.);
#4113 = PLANE('',#4114);
#4114 = AXIS2_PLACEMENT_3D('',#4115,#4116,#4117);
#4115 = CARTESIAN_POINT('',(10.4,-3.1,-1.2));
#4116 = DIRECTION('',(0.,0.,1.));
#4117 = DIRECTION('',(1.,0.,-0.));
#4118 = ADVANCED_FACE('',(#4119),#4125,.T.);
#4119 = FACE_BOUND('',#4120,.T.);
#4120 = EDGE_LOOP('',(#4121,#4122,#4123,#4124));
#4121 = ORIENTED_EDGE('',*,*,#3024,.F.);
#4122 = ORIENTED_EDGE('',*,*,#3883,.T.);
#4123 = ORIENTED_EDGE('',*,*,#3081,.T.);
#4124 = ORIENTED_EDGE('',*,*,#3049,.F.);
#4125 = PLANE('',#4126);
#4126 = AXIS2_PLACEMENT_3D('',#4127,#4128,#4129);
#4127 = CARTESIAN_POINT('',(11.6,-3.1,-1.2));
#4128 = DIRECTION('',(0.,0.,1.));
#4129 = DIRECTION('',(1.,0.,-0.));
#4130 = ADVANCED_FACE('',(#4131),#4137,.T.);
#4131 = FACE_BOUND('',#4132,.T.);
#4132 = EDGE_LOOP('',(#4133,#4134,#4135,#4136));
#4133 = ORIENTED_EDGE('',*,*,#3107,.F.);
#4134 = ORIENTED_EDGE('',*,*,#3900,.T.);
#4135 = ORIENTED_EDGE('',*,*,#3164,.T.);
#4136 = ORIENTED_EDGE('',*,*,#3132,.F.);
#4137 = PLANE('',#4138);
#4138 = AXIS2_PLACEMENT_3D('',#4139,#4140,#4141);
#4139 = CARTESIAN_POINT('',(12.8,-3.1,-1.2));
#4140 = DIRECTION('',(0.,0.,1.));
#4141 = DIRECTION('',(1.,0.,-0.));
#4142 = ADVANCED_FACE('',(#4143),#4149,.T.);
#4143 = FACE_BOUND('',#4144,.T.);
#4144 = EDGE_LOOP('',(#4145,#4146,#4147,#4148));
#4145 = ORIENTED_EDGE('',*,*,#3190,.F.);
#4146 = ORIENTED_EDGE('',*,*,#3917,.T.);
#4147 = ORIENTED_EDGE('',*,*,#3247,.T.);
#4148 = ORIENTED_EDGE('',*,*,#3215,.F.);
#4149 = PLANE('',#4150);
#4150 = AXIS2_PLACEMENT_3D('',#4151,#4152,#4153);
#4151 = CARTESIAN_POINT('',(14.,-3.1,-1.2));
#4152 = DIRECTION('',(0.,0.,1.));
#4153 = DIRECTION('',(1.,0.,-0.));
#4154 = ADVANCED_FACE('',(#4155),#4161,.T.);
#4155 = FACE_BOUND('',#4156,.T.);
#4156 = EDGE_LOOP('',(#4157,#4158,#4159,#4160));
#4157 = ORIENTED_EDGE('',*,*,#3273,.F.);
#4158 = ORIENTED_EDGE('',*,*,#3934,.T.);
#4159 = ORIENTED_EDGE('',*,*,#3330,.T.);
#4160 = ORIENTED_EDGE('',*,*,#3298,.F.);
#4161 = PLANE('',#4162);
#4162 = AXIS2_PLACEMENT_3D('',#4163,#4164,#4165);
#4163 = CARTESIAN_POINT('',(15.2,-3.1,-1.2));
#4164 = DIRECTION('',(0.,0.,1.));
#4165 = DIRECTION('',(1.,0.,-0.));
#4166 = ADVANCED_FACE('',(#4167),#4173,.T.);
#4167 = FACE_BOUND('',#4168,.T.);
#4168 = EDGE_LOOP('',(#4169,#4170,#4171,#4172));
#4169 = ORIENTED_EDGE('',*,*,#3356,.F.);
#4170 = ORIENTED_EDGE('',*,*,#3951,.T.);
#4171 = ORIENTED_EDGE('',*,*,#3413,.T.);
#4172 = ORIENTED_EDGE('',*,*,#3381,.F.);
#4173 = PLANE('',#4174);
#4174 = AXIS2_PLACEMENT_3D('',#4175,#4176,#4177);
#4175 = CARTESIAN_POINT('',(16.4,-3.1,-1.2));
#4176 = DIRECTION('',(0.,0.,1.));
#4177 = DIRECTION('',(1.,0.,-0.));
#4178 = ADVANCED_FACE('',(#4179),#4185,.T.);
#4179 = FACE_BOUND('',#4180,.T.);
#4180 = EDGE_LOOP('',(#4181,#4182,#4183,#4184));
#4181 = ORIENTED_EDGE('',*,*,#3439,.F.);
#4182 = ORIENTED_EDGE('',*,*,#3968,.T.);
#4183 = ORIENTED_EDGE('',*,*,#3496,.T.);
#4184 = ORIENTED_EDGE('',*,*,#3464,.F.);
#4185 = PLANE('',#4186);
#4186 = AXIS2_PLACEMENT_3D('',#4187,#4188,#4189);
#4187 = CARTESIAN_POINT('',(17.6,-3.1,-1.2));
#4188 = DIRECTION('',(0.,0.,1.));
#4189 = DIRECTION('',(1.,0.,-0.));
#4190 = ADVANCED_FACE('',(#4191),#4197,.T.);
#4191 = FACE_BOUND('',#4192,.T.);
#4192 = EDGE_LOOP('',(#4193,#4194,#4195,#4196));
#4193 = ORIENTED_EDGE('',*,*,#3522,.F.);
#4194 = ORIENTED_EDGE('',*,*,#3985,.T.);
#4195 = ORIENTED_EDGE('',*,*,#3579,.T.);
#4196 = ORIENTED_EDGE('',*,*,#3547,.F.);
#4197 = PLANE('',#4198);
#4198 = AXIS2_PLACEMENT_3D('',#4199,#4200,#4201);
#4199 = CARTESIAN_POINT('',(18.8,-3.1,-1.2));
#4200 = DIRECTION('',(0.,0.,1.));
#4201 = DIRECTION('',(1.,0.,-0.));
#4202 = ADVANCED_FACE('',(#4203),#4209,.T.);
#4203 = FACE_BOUND('',#4204,.T.);
#4204 = EDGE_LOOP('',(#4205,#4206,#4207,#4208));
#4205 = ORIENTED_EDGE('',*,*,#3605,.F.);
#4206 = ORIENTED_EDGE('',*,*,#4002,.T.);
#4207 = ORIENTED_EDGE('',*,*,#3662,.T.);
#4208 = ORIENTED_EDGE('',*,*,#3630,.F.);
#4209 = PLANE('',#4210);
#4210 = AXIS2_PLACEMENT_3D('',#4211,#4212,#4213);
#4211 = CARTESIAN_POINT('',(20.,-3.1,-1.2));
#4212 = DIRECTION('',(0.,0.,1.));
#4213 = DIRECTION('',(1.,0.,-0.));
#4214 = ADVANCED_FACE('',(#4215),#4221,.T.);
#4215 = FACE_BOUND('',#4216,.T.);
#4216 = EDGE_LOOP('',(#4217,#4218,#4219,#4220));
#4217 = ORIENTED_EDGE('',*,*,#3688,.F.);
#4218 = ORIENTED_EDGE('',*,*,#4065,.T.);
#4219 = ORIENTED_EDGE('',*,*,#3723,.T.);
#4220 = ORIENTED_EDGE('',*,*,#4031,.F.);
#4221 = PLANE('',#4222);
#4222 = AXIS2_PLACEMENT_3D('',#4223,#4224,#4225);
#4223 = CARTESIAN_POINT('',(21.2,-3.1,-1.2));
#4224 = DIRECTION('',(0.,0.,1.));
#4225 = DIRECTION('',(1.,0.,-0.));
#4226 = ADVANCED_FACE('',(#4227),#4233,.T.);
#4227 = FACE_BOUND('',#4228,.T.);
#4228 = EDGE_LOOP('',(#4229,#4230,#4231,#4232));
#4229 = ORIENTED_EDGE('',*,*,#3758,.F.);
#4230 = ORIENTED_EDGE('',*,*,#4082,.T.);
#4231 = ORIENTED_EDGE('',*,*,#3793,.T.);
#4232 = ORIENTED_EDGE('',*,*,#4048,.F.);
#4233 = PLANE('',#4234);
#4234 = AXIS2_PLACEMENT_3D('',#4235,#4236,#4237);
#4235 = CARTESIAN_POINT('',(22.4,-3.1,-1.2));
#4236 = DIRECTION('',(0.,0.,1.));
#4237 = DIRECTION('',(1.,0.,-0.));
#4238 = ( GEOMETRIC_REPRESENTATION_CONTEXT(3) 
GLOBAL_UNCERTAINTY_ASSIGNED_CONTEXT((#4242)) 
GLOBAL_UNIT_ASSIGNED_CONTEXT((#4239,#4240,#4241)) REPRESENTATION_CONTEXT
('Context #1','3D Context with UNIT and UNCERTAINTY') );
#4239 = ( LENGTH_UNIT() NAMED_UNIT(*) SI_UNIT(.MILLI.,.METRE.) );
#4240 = ( NAMED_UNIT(*) PLANE_ANGLE_UNIT() SI_UNIT($,.RADIAN.) );
#4241 = ( NAMED_UNIT(*) SI_UNIT($,.STERADIAN.) SOLID_ANGLE_UNIT() );
#4242 = UNCERTAINTY_MEASURE_WITH_UNIT(LENGTH_MEASURE(1.E-07),#4239,
  'distance_accuracy_value','confusion accuracy');
#4243 = PRODUCT_RELATED_PRODUCT_CATEGORY('part',$,(#7));
ENDSEC;
END-ISO-10303-21;
